"Date","Price","Open","High","Low","Vol.","Change %"
"Apr 04, 2023","101.267","101.735","101.950","101.140","15.26K","-0.51%"
"Apr 03, 2023","101.787","102.270","102.745","101.560","16.16K","-0.39%"
"Mar 31, 2023","102.186","101.905","102.305","101.730","12.30K","0.36%"
"Mar 30, 2023","101.821","102.305","102.460","101.750","8.87K","-0.47%"
"Mar 29, 2023","102.298","102.130","102.440","102.030","10.00K","0.19%"
"Mar 28, 2023","102.106","102.425","102.430","102.040","9.38K","-0.40%"
"Mar 27, 2023","102.518","102.770","102.895","102.480","7.36K","-0.24%"
"Mar 24, 2023","102.764","102.265","103.025","102.165","14.23K","0.54%"
"Mar 23, 2023","102.207","102.095","102.295","101.555","22.48K","0.23%"
"Mar 22, 2023","101.972","102.840","102.910","101.670","19.34K","-0.90%"
"Mar 21, 2023","102.897","102.960","103.145","102.635","12.93K","-0.03%"
"Mar 20, 2023","102.933","103.415","103.640","102.905","14.83K","-0.41%"
"Mar 17, 2023","103.360","104.100","104.125","103.335","18.18K","-0.70%"
"Mar 16, 2023","104.092","104.340","104.405","103.895","27.79K","-0.18%"
"Mar 15, 2023","104.276","103.325","104.720","103.045","27.71K","1.03%"
"Mar 14, 2023","103.215","103.245","103.780","103.085","19.86K","-0.48%"
"Mar 13, 2023","103.713","104.085","104.340","103.730","0.15K","-0.80%"
"Mar 10, 2023","104.552","105.120","105.365","104.025","22.05K","-0.72%"
"Mar 09, 2023","105.305","105.645","105.730","105.135","24.40K","-0.31%"
"Mar 08, 2023","105.634","105.600","105.870","105.335","31.06K","0.04%"
"Mar 07, 2023","105.592","104.275","105.635","104.095","24.98K","1.21%"
"Mar 06, 2023","104.325","104.540","104.665","104.130","21.76K","-0.16%"
"Mar 03, 2023","104.488","104.845","104.985","104.450","19.11K","-0.48%"
"Mar 02, 2023","104.995","104.440","105.155","104.420","18.33K","0.54%"
"Mar 01, 2023","104.432","104.985","105.035","104.045","26.13K","-0.37%"
"Feb 28, 2023","104.825","104.610","104.950","104.360","18.88K","0.19%"
"Feb 27, 2023","104.624","105.210","105.320","104.490","17.99K","-0.51%"
"Feb 24, 2023","105.158","104.445","105.275","104.375","23.92K","0.59%"
"Feb 23, 2023","104.539","104.430","104.735","104.265","15.24K","0.02%"
"Feb 22, 2023","104.523","104.030","104.540","103.945","15.07K","0.39%"
"Feb 21, 2023","104.112","103.850","104.200","103.700","17.92K","0.32%"
"Feb 20, 2023","103.780","103.830","104.020","103.685","9.41K","0.00%"
"Feb 17, 2023","103.780","104.095","104.605","103.765","24.05K","-0.01%"
"Feb 16, 2023","103.791","103.815","104.170","103.465","29.83K","-0.05%"
"Feb 15, 2023","103.839","103.120","104.030","103.070","24.33K","0.69%"
"Feb 14, 2023","103.123","103.100","103.440","102.390","37.12K","-0.12%"
"Feb 13, 2023","103.248","103.435","103.745","103.125","15.17K","-0.28%"
"Feb 10, 2023","103.535","103.120","103.590","102.800","21.58K","0.42%"
"Feb 09, 2023","103.106","103.385","103.450","102.520","21.83K","-0.16%"
"Feb 08, 2023","103.272","103.170","103.385","102.880","17.73K","-0.03%"
"Feb 07, 2023","103.298","103.415","103.850","102.870","27.28K","-0.19%"
"Feb 06, 2023","103.498","102.895","103.650","102.845","37.02K","0.72%"
"Feb 03, 2023","102.755","101.650","102.850","101.380","39.17K","1.16%"
"Feb 02, 2023","101.575","100.750","101.745","100.680","42.49K","0.54%"
"Feb 01, 2023","101.028","101.925","102.015","100.805","36.73K","-0.87%"
"Jan 31, 2023","101.915","102.015","102.450","101.825","31.11K","-0.17%"
"Jan 30, 2023","102.086","101.750","102.125","101.460","21.43K","0.36%"
"Jan 27, 2023","101.721","101.520","101.990","101.490","18.24K","0.08%"
"Jan 26, 2023","101.638","101.395","101.985","101.295","23.08K","0.22%"
"Jan 25, 2023","101.416","101.735","101.890","101.330","23.31K","-0.25%"
"Jan 24, 2023","101.675","101.770","102.205","101.485","22.22K","-0.24%"
"Jan 23, 2023","101.916","101.720","102.040","101.345","21.42K","0.13%"
"Jan 20, 2023","101.781","101.855","102.320","101.700","16.66K","-0.05%"
"Jan 19, 2023","101.831","102.200","102.265","101.760","20.17K","-0.27%"
"Jan 18, 2023","102.107","102.255","102.655","101.265","40.26K","-0.03%"
"Jan 17, 2023","102.141","102.045","102.325","101.680","27.43K","0.19%"
"Jan 16, 2023","101.946","101.900","102.300","101.465","11.92K","0.00%"
"Jan 13, 2023","101.946","102.000","102.395","101.720","24.05K","-0.05%"
"Jan 12, 2023","101.995","102.900","103.100","101.810","52.38K","-0.91%"
"Jan 11, 2023","102.928","102.980","103.230","102.850","22.72K","-0.05%"
"Jan 10, 2023","102.980","102.975","103.250","102.770","20.58K","0.23%"
"Jan 09, 2023","102.743","103.690","103.690","102.680","35.68K","-0.87%"
"Jan 06, 2023","103.646","104.840","105.500","103.620","38.59K","-1.13%"
"Jan 05, 2023","104.828","103.830","105.060","103.780","26.34K","0.78%"
"Jan 04, 2023","104.021","104.375","104.385","103.595","22.70K","-0.28%"
"Jan 03, 2023","104.312","103.445","104.650","103.235","32.36K","1.01%"
"Dec 30, 2022","103.269","103.640","103.865","103.145","22.93K","-0.31%"
"Dec 29, 2022","103.586","104.080","104.215","103.535","14.45K","-0.57%"
"Dec 28, 2022","104.182","104.005","104.270","103.565","19.01K","0.28%"
"Dec 27, 2022","103.893","103.835","104.110","103.585","13.28K","-0.11%"
"Dec 23, 2022","104.010","104.175","104.235","103.815","15.93K","-0.11%"
"Dec 22, 2022","104.127","103.800","104.300","103.435","21.05K","0.27%"
"Dec 21, 2022","103.847","103.625","104.065","103.515","16.95K","0.23%"
"Dec 20, 2022","103.606","104.370","104.415","103.400","30.55K","-0.95%"
"Dec 19, 2022","104.595","104.625","104.655","104.150","0.06K","-0.06%"
"Dec 16, 2022","104.661","104.460","104.815","104.230","15.35K","0.12%"
"Dec 15, 2022","104.532","103.610","104.860","103.500","40.25K","0.76%"
"Dec 14, 2022","103.739","103.990","104.195","103.395","49.73K","-0.20%"
"Dec 13, 2022","103.943","104.940","105.085","103.530","34.51K","-1.10%"
"Dec 12, 2022","105.104","104.850","105.235","104.640","29.21K","0.29%"
"Dec 09, 2022","104.799","104.770","105.200","104.410","38.53K","0.04%"
"Dec 08, 2022","104.756","105.225","105.415","104.685","26.31K","-0.29%"
"Dec 07, 2022","105.056","105.565","105.800","104.820","33.34K","-0.46%"
"Dec 06, 2022","105.542","105.095","105.585","104.850","28.96K","0.29%"
"Dec 05, 2022","105.239","104.435","105.360","104.065","35.49K","0.71%"
"Dec 02, 2022","104.500","104.795","105.575","103.935","43.74K","-0.18%"
"Dec 01, 2022","104.689","105.570","105.860","104.550","43.75K","-1.14%"
"Nov 30, 2022","105.897","106.660","107.150","105.710","37.35K","-0.82%"
"Nov 29, 2022","106.768","106.605","106.820","105.995","24.38K","0.13%"
"Nov 28, 2022","106.632","106.120","106.695","105.255","42.07K","0.68%"
"Nov 25, 2022","105.917","105.845","106.345","105.605","16.78K","-0.05%"
"Nov 24, 2022","105.967","105.880","105.995","105.545","13.44K","0.00%"
"Nov 23, 2022","105.967","107.045","107.135","105.910","31.04K","-1.07%"
"Nov 22, 2022","107.115","107.570","107.660","107.010","20.07K","-0.57%"
"Nov 21, 2022","107.732","106.910","107.895","106.780","23.69K","0.85%"
"Nov 18, 2022","106.826","106.485","106.920","106.230","27.11K","0.22%"
"Nov 17, 2022","106.592","106.250","107.140","105.975","35.05K","0.41%"
"Nov 16, 2022","106.152","106.470","106.665","105.720","46.22K","-0.13%"
"Nov 15, 2022","106.295","106.900","106.995","105.155","75.91K","-0.22%"
"Nov 14, 2022","106.531","106.655","107.150","106.330","40.26K","0.35%"
"Nov 11, 2022","106.164","108.050","108.320","106.140","55.54K","-1.78%"
"Nov 10, 2022","108.092","110.205","110.890","107.585","71.97K","-2.14%"
"Nov 09, 2022","110.460","109.625","110.545","109.355","46.85K","0.84%"
"Nov 08, 2022","109.542","110.000","110.500","109.240","37.00K","-0.41%"
"Nov 07, 2022","109.993","111.000","111.170","109.920","34.39K","-0.71%"
"Nov 04, 2022","110.774","112.875","112.875","110.610","62.90K","-1.80%"
"Nov 03, 2022","112.804","112.030","113.045","111.705","50.91K","1.42%"
"Nov 02, 2022","111.226","111.365","112.025","110.260","48.15K","-0.12%"
"Nov 01, 2022","111.359","111.440","111.655","110.565","36.50K","-0.05%"
"Oct 31, 2022","111.420","110.675","111.535","110.585","24.96K","0.74%"
"Oct 28, 2022","110.606","110.395","110.925","110.135","38.12K","0.14%"
"Oct 27, 2022","110.453","109.450","110.480","109.365","50.40K","0.82%"
"Oct 26, 2022","109.552","110.840","111.015","109.465","50.48K","-1.15%"
"Oct 25, 2022","110.830","111.815","112.065","110.625","49.49K","-0.96%"
"Oct 24, 2022","111.909","111.605","112.465","111.335","40.55K","-0.06%"
"Oct 21, 2022","111.980","112.845","113.835","111.575","113.49K","-0.74%"
"Oct 20, 2022","112.818","112.900","113.030","112.050","39.69K","-0.05%"
"Oct 19, 2022","112.879","111.815","112.995","111.780","34.23K","0.79%"
"Oct 18, 2022","111.994","111.970","112.350","111.630","41.68K","0.08%"
"Oct 17, 2022","111.908","113.170","113.170","111.790","41.50K","-1.14%"
"Oct 14, 2022","113.202","112.475","113.300","112.060","47.79K","0.85%"
"Oct 13, 2022","112.253","113.175","113.850","112.020","78.59K","-0.86%"
"Oct 12, 2022","113.224","113.230","113.495","112.905","39.16K","0.08%"
"Oct 11, 2022","113.128","113.005","113.470","112.295","47.26K","0.05%"
"Oct 10, 2022","113.071","112.655","113.285","112.510","34.69K","0.34%"
"Oct 07, 2022","112.683","112.215","112.775","111.865","42.76K","0.45%"
"Oct 06, 2022","112.183","110.880","112.235","110.720","33.41K","1.06%"
"Oct 05, 2022","111.011","110.075","111.655","109.985","37.55K","0.94%"
"Oct 04, 2022","109.981","111.505","111.825","109.965","51.31K","-1.50%"
"Oct 03, 2022","111.656","112.150","112.530","111.405","39.38K","-0.38%"
"Sep 30, 2022","112.084","111.810","112.700","111.540","54.60K","-0.11%"
"Sep 29, 2022","112.202","112.960","113.720","111.950","56.44K","-0.27%"
"Sep 28, 2022","112.508","114.105","114.745","112.455","99.32K","-1.35%"
"Sep 27, 2022","114.047","113.845","114.425","113.260","55.23K","0.02%"
"Sep 26, 2022","114.020","112.990","114.445","112.665","87.87K","0.94%"
"Sep 23, 2022","112.962","111.005","113.000","110.840","54.78K","1.67%"
"Sep 22, 2022","111.105","111.220","111.580","110.220","55.61K","0.69%"
"Sep 21, 2022","110.346","109.900","111.360","109.860","51.63K","0.37%"
"Sep 20, 2022","109.942","109.290","110.015","109.075","28.29K","0.56%"
"Sep 19, 2022","109.333","109.290","109.900","109.233","-","-0.16%"
"Sep 16, 2022","109.506","109.540","109.995","109.200","46.85K","0.05%"
"Sep 15, 2022","109.452","109.345","109.650","109.150","35.23K","0.07%"
"Sep 14, 2022","109.371","109.520","109.635","108.980","27.36K","-0.14%"
"Sep 13, 2022","109.528","108.030","109.635","107.450","17.95K","1.32%"
"Sep 12, 2022","108.096","108.365","108.605","107.570","15.79K","-0.58%"
"Sep 09, 2022","108.732","109.290","109.290","108.100","3.80K","-0.66%"
"Sep 08, 2022","109.458","109.425","109.970","109.040","2.75K","-0.10%"
"Sep 07, 2022","109.567","110.025","110.480","109.260","1.99K","-0.32%"
"Sep 06, 2022","109.919","109.380","110.255","109.125","1.48K","0.61%"
"Sep 05, 2022","109.255","109.550","110.000","109.445","0.55K","0.00%"
"Sep 02, 2022","109.255","109.300","109.430","108.660","0.88K","-0.14%"
"Sep 01, 2022","109.403","108.520","109.700","108.500","0.78K","0.93%"
"Aug 31, 2022","108.400","108.400","108.875","108.055","0.28K","-0.07%"
"Aug 30, 2022","108.474","108.385","108.800","108.000","0.28K","-0.06%"
"Aug 29, 2022","108.540","108.695","109.200","108.180","0.86K","0.08%"
"Aug 26, 2022","108.451","108.235","108.555","107.265","0.41K","0.29%"
"Aug 25, 2022","108.133","108.105","108.310","107.700","0.48K","-0.18%"
"Aug 24, 2022","108.326","108.240","108.785","108.005","0.23K","0.06%"
"Aug 23, 2022","108.259","108.655","108.900","107.700","0.39K","-0.39%"
"Aug 22, 2022","108.681","107.740","108.705","107.740","0.44K","0.81%"
"Aug 19, 2022","107.803","107.145","107.840","107.130","0.25K","0.65%"
"Aug 18, 2022","107.105","106.145","107.160","106.105","0.17K","0.89%"
"Aug 17, 2022","106.161","106.040","106.410","105.960","0.12K","0.11%"
"Aug 16, 2022","106.043","106.080","106.425","105.935","0.08K","-0.02%"
"Aug 15, 2022","106.068","105.080","106.080","105.080","0.24K","0.88%"
"Aug 12, 2022","105.145","104.765","105.345","104.765","0.11K","0.48%"
"Aug 11, 2022","104.644","104.760","104.995","104.195","0.07K","-0.08%"
"Aug 10, 2022","104.730","105.765","105.825","104.150","0.15K","-1.11%"
"Aug 09, 2022","105.902","105.825","105.855","105.555","0.03K","-0.06%"
"Aug 08, 2022","105.968","106.190","106.340","105.685","0.23K","-0.15%"
"Aug 05, 2022","106.130","105.480","106.460","105.440","0.11K","0.82%"
"Aug 04, 2022","105.266","105.960","105.975","105.265","0.05K","-0.73%"
"Aug 03, 2022","106.037","105.910","106.300","105.550","0.13K","0.26%"
"Aug 02, 2022","105.764","104.965","105.845","104.660","0.10K","0.71%"
"Aug 01, 2022","105.016","105.400","105.405","104.830","0.12K","-0.43%"
"Jul 29, 2022","105.474","105.750","106.170","105.100","0.13K","-0.42%"
"Jul 28, 2022","105.921","105.965","106.520","105.640","0.10K","-0.09%"
"Jul 27, 2022","106.016","106.705","106.920","105.855","0.11K","-0.65%"
"Jul 26, 2022","106.714","106.000","106.750","105.795","0.14K","0.64%"
"Jul 25, 2022","106.040","106.180","106.335","105.835","0.05K","-0.26%"
"Jul 22, 2022","106.316","106.335","106.340","105.725","0.05K","-0.15%"
"Jul 21, 2022","106.479","106.655","106.840","106.000","0.07K","-0.12%"
"Jul 20, 2022","106.608","106.165","106.745","105.940","0.16K","0.34%"
"Jul 19, 2022","106.250","107.070","107.095","105.975","0.10K","-0.60%"
"Jul 18, 2022","106.896","107.300","107.400","106.440","0.05K","-0.64%"
"Jul 15, 2022","107.586","108.080","108.185","107.485","0.06K","-0.41%"
"Jul 14, 2022","108.032","107.700","108.785","107.675","0.09K","0.60%"
"Jul 13, 2022","107.386","107.705","108.050","106.980","0.06K","-0.17%"
"Jul 12, 2022","107.567","107.680","108.025","107.385","0.08K","0.09%"
"Jul 11, 2022","107.474","106.435","107.675","106.435","0.10K","0.97%"
"Jul 08, 2022","106.441","106.435","107.220","106.295","0.13K","-0.14%"
"Jul 07, 2022","106.594","106.430","106.680","106.260","0.10K","0.03%"
"Jul 06, 2022","106.563","105.930","106.600","105.800","0.04K","0.58%"
"Jul 05, 2022","105.950","104.570","106.170","104.570","0.17K","1.34%"
"Jul 04, 2022","104.549","104.495","104.665","104.245","0.02K","0.00%"
"Jul 01, 2022","104.549","104.200","105.020","104.200","0.04K","0.45%"
"Jun 30, 2022","104.084","104.430","104.860","104.060","0.03K","-0.38%"
"Jun 29, 2022","104.484","103.930","104.340","103.930","0.01K","0.58%"
"Jun 28, 2022","103.881","103.320","103.935","103.320","0.03K","0.54%"
"Jun 27, 2022","103.318","103.450","103.470","103.080","0.04K","-0.27%"
"Jun 24, 2022","103.599","103.660","103.800","103.400","0.02K","-0.22%"
"Jun 23, 2022","103.832","103.720","104.190","103.470","0.03K","0.19%"
"Jun 22, 2022","103.631","103.965","104.275","103.375","0.03K","-0.24%"
"Jun 21, 2022","103.881","103.850","103.910","103.445","0.07K","-0.28%"
"Jun 20, 2022","104.173","104.200","104.200","103.750","0.01K","0.00%"
"Jun 17, 2022","104.173","103.285","104.500","103.250","0.08K","1.05%"
"Jun 16, 2022","103.087","104.230","104.870","102.950","0.11K","-1.45%"
"Jun 15, 2022","104.605","104.450","105.080","104.100","0.09K","-0.37%"
"Jun 14, 2022","104.992","104.795","105.000","104.285","0.21K","0.02%"
"Jun 13, 2022","104.966","104.100","105.150","104.095","53.58K","0.92%"
"Jun 10, 2022","104.013","103.175","104.100","102.910","44.91K","0.90%"
"Jun 09, 2022","103.081","102.440","103.215","102.005","41.28K","0.66%"
"Jun 08, 2022","102.406","102.270","102.615","102.125","21.88K","0.23%"
"Jun 07, 2022","102.175","102.335","102.700","102.110","13.26K","-0.12%"
"Jun 06, 2022","102.295","102.000","102.315","101.680","13.00K","0.34%"
"Jun 03, 2022","101.951","101.565","102.100","101.445","1.66K","0.33%"
"Jun 02, 2022","101.617","102.405","102.440","101.530","1.23K","-0.67%"
"Jun 01, 2022","102.304","101.540","102.535","101.540","0.92K","0.73%"
"May 31, 2022","101.566","101.170","101.975","101.170","0.49K","0.48%"
"May 30, 2022","101.080","101.510","101.555","101.075","0.72K","-0.42%"
"May 27, 2022","101.503","101.580","101.720","101.255","0.41K","-0.16%"
"May 26, 2022","101.668","101.860","102.090","101.600","0.59K","-0.21%"
"May 25, 2022","101.882","101.565","102.265","101.540","0.52K","0.22%"
"May 24, 2022","101.660","101.925","102.150","101.465","0.78K","-0.25%"
"May 23, 2022","101.912","102.860","102.860","101.875","0.60K","-1.06%"
"May 20, 2022","103.008","102.720","103.130","102.680","0.31K","0.42%"
"May 19, 2022","102.581","103.680","103.680","102.545","0.28K","-1.06%"
"May 18, 2022","103.682","103.040","103.750","103.040","0.18K","0.48%"
"May 17, 2022","103.182","104.000","104.040","103.065","0.21K","-0.81%"
"May 16, 2022","104.020","104.395","104.415","104.000","0.12K","-0.36%"
"May 13, 2022","104.396","104.575","104.800","104.320","0.07K","-0.27%"
"May 12, 2022","104.682","103.800","104.730","103.780","0.07K","0.99%"
"May 11, 2022","103.654","103.955","104.150","103.405","-","-0.10%"
"May 10, 2022","103.753","103.550","103.795","103.305","0.06K","0.24%"
"May 09, 2022","103.504","103.635","104.015","103.285","0.05K","0.01%"
"May 06, 2022","103.489","103.375","103.840","103.100","0.06K","-0.07%"
"May 05, 2022","103.562","102.405","103.710","102.215","0.18K","1.18%"
"May 04, 2022","102.354","103.240","103.290","102.305","0.07K","-0.84%"
"May 03, 2022","103.226","103.240","103.285","102.900","0.06K","-0.29%"
"May 02, 2022","103.526","102.925","103.500","102.880","0.04K","0.80%"
"Apr 29, 2022","102.708","103.395","103.395","102.665","0.12K","-0.66%"
"Apr 28, 2022","103.389","102.800","103.640","102.800","0.07K","0.68%"
"Apr 27, 2022","102.693","102.070","103.000","102.010","0.08K","0.61%"
"Apr 26, 2022","102.073","101.250","102.120","101.230","0.04K","0.57%"
"Apr 25, 2022","101.494","100.935","101.525","100.890","0.03K","0.55%"
"Apr 22, 2022","100.938","100.300","101.010","100.275","0.10K","0.60%"
"Apr 21, 2022","100.339","100.160","100.335","99.590","0.04K","0.20%"
"Apr 20, 2022","100.142","100.720","100.720","99.940","0.06K","-0.55%"
"Apr 19, 2022","100.694","100.635","100.745","100.490","0.02K","0.19%"
"Apr 18, 2022","100.506","100.355","100.575","100.155","0.03K","0.44%"
"Apr 14, 2022","100.061","99.665","100.430","99.320","0.05K","0.40%"
"Apr 13, 2022","99.663","100.170","100.215","99.575","0.02K","-0.38%"
"Apr 12, 2022","100.042","99.795","99.895","99.660","0.01K","0.38%"
"Apr 11, 2022","99.664","99.570","99.760","99.500","0.02K","0.17%"
"Apr 08, 2022","99.490","99.600","99.930","99.510","0.04K","-0.02%"
"Apr 07, 2022","99.505","99.355","99.540","99.350","0.01K","0.19%"
"Apr 06, 2022","99.320","99.310","99.500","99.140","0.04K","0.15%"
"Apr 05, 2022","99.173","98.660","99.255","98.625","0.02K","0.45%"
"Apr 04, 2022","98.729","98.230","98.655","98.230","0.01K","0.36%"
"Apr 01, 2022","98.377","98.180","98.400","98.135","0.01K","0.27%"
"Mar 31, 2022","98.115","97.600","98.180","97.600","0.03K","0.50%"
"Mar 30, 2022","97.630","97.880","97.880","97.500","0.03K","-0.58%"
"Mar 29, 2022","98.196","98.840","98.980","97.820","0.01K","-0.62%"
"Mar 28, 2022","98.810","98.870","99.000","98.800","0.01K","0.23%"
"Mar 25, 2022","98.582","98.740","98.865","98.420","11.83K","0.02%"
"Mar 24, 2022","98.565","98.670","98.670","98.550","0.00K","0.19%"
"Mar 23, 2022","98.380","98.630","98.630","98.595","0.00K","0.08%"
"Mar 22, 2022","98.298","98.590","98.705","98.280","0.02K","0.01%"
"Mar 21, 2022","98.284","98.155","98.170","98.000","0.01K","0.26%"
"Mar 18, 2022","98.027","97.705","98.060","97.705","0.00K","0.27%"
"Mar 17, 2022","97.765","98.205","98.225","97.535","0.09K","-0.64%"
"Mar 16, 2022","98.396","98.600","98.835","98.160","0.07K","-0.49%"
"Mar 15, 2022","98.884","98.825","98.875","98.540","0.04K","-0.14%"
"Mar 14, 2022","99.024","99.075","99.300","98.705","15.68K","-0.16%"
"Mar 11, 2022","99.183","98.540","99.195","98.285","29.43K","0.64%"
"Mar 10, 2022","98.557","98.170","98.625","97.785","30.75K","0.50%"
"Mar 09, 2022","98.069","99.220","99.270","97.965","25.00K","-1.21%"
"Mar 08, 2022","99.270","99.390","99.470","98.890","15.09K","-0.17%"
"Mar 07, 2022","99.436","98.605","99.455","98.605","13.32K","0.78%"
"Mar 04, 2022","98.671","98.035","98.910","97.865","1.85K","0.90%"
"Mar 03, 2022","97.793","97.475","97.935","97.455","0.85K","0.40%"
"Mar 02, 2022","97.404","97.350","97.820","97.290","1.34K","0.03%"
"Mar 01, 2022","97.374","96.730","97.535","96.575","1.31K","0.78%"
"Feb 28, 2022","96.619","97.300","97.315","96.540","0.67K","0.08%"
"Feb 25, 2022","96.544","96.900","97.150","96.450","0.92K","-0.51%"
"Feb 24, 2022","97.043","96.260","97.650","96.200","1.25K","0.98%"
"Feb 23, 2022","96.098","95.925","96.150","95.775","0.42K","0.17%"
"Feb 22, 2022","95.936","96.000","96.165","95.790","0.36K","-0.03%"
"Feb 21, 2022","95.960","96.090","96.090","95.595","0.65K","0.01%"
"Feb 18, 2022","95.952","95.780","96.080","95.660","0.17K","0.24%"
"Feb 17, 2022","95.723","95.740","96.000","95.620","0.65K","0.10%"
"Feb 16, 2022","95.627","95.940","95.965","95.600","0.36K","-0.31%"
"Feb 15, 2022","95.923","96.125","96.205","95.880","0.67K","-0.38%"
"Feb 14, 2022","96.291","95.940","96.350","95.870","0.44K","0.31%"
"Feb 11, 2022","95.998","95.800","96.045","95.600","0.69K","0.57%"
"Feb 10, 2022","95.458","95.530","95.900","95.085","0.45K","0.04%"
"Feb 09, 2022","95.424","95.495","95.570","95.310","0.09K","-0.15%"
"Feb 08, 2022","95.566","95.335","95.650","95.315","0.13K","0.25%"
"Feb 07, 2022","95.327","95.355","95.540","95.295","0.24K","-0.09%"
"Feb 04, 2022","95.410","95.250","95.600","95.100","0.41K","0.09%"
"Feb 03, 2022","95.324","95.995","96.150","95.235","0.59K","-0.55%"
"Feb 02, 2022","95.855","96.165","96.215","95.750","0.18K","-0.47%"
"Feb 01, 2022","96.305","96.600","96.600","96.150","0.51K","-0.16%"
"Jan 31, 2022","96.462","97.120","97.165","96.445","0.25K","-0.73%"
"Jan 28, 2022","97.176","97.120","97.300","96.975","0.13K","0.02%"
"Jan 27, 2022","97.157","96.480","97.200","96.475","0.52K","0.85%"
"Jan 26, 2022","96.335","95.895","96.445","95.840","0.11K","0.49%"
"Jan 25, 2022","95.863","95.910","96.180","95.880","0.07K","0.03%"
"Jan 24, 2022","95.836","95.620","96.050","95.615","0.11K","0.28%"
"Jan 21, 2022","95.566","95.735","95.735","95.460","0.28K","-0.09%"
"Jan 20, 2022","95.655","95.440","95.750","95.380","0.08K","0.23%"
"Jan 19, 2022","95.440","95.685","95.720","95.430","0.03K","-0.23%"
"Jan 18, 2022","95.658","95.115","95.735","95.070","0.09K","0.58%"
"Jan 17, 2022","95.106","95.130","95.260","94.980","0.09K","0.00%"
"Jan 14, 2022","95.106","94.750","95.155","94.580","0.15K","0.41%"
"Jan 13, 2022","94.715","94.920","94.945","94.615","0.06K","-0.14%"
"Jan 12, 2022","94.846","95.530","95.610","94.850","0.18K","-0.75%"
"Jan 11, 2022","95.565","95.880","95.915","95.565","0.05K","-0.39%"
"Jan 10, 2022","95.935","95.750","96.130","95.730","0.05K","0.27%"
"Jan 07, 2022","95.672","96.185","96.190","95.700","0.11K","-0.63%"
"Jan 06, 2022","96.281","96.120","96.305","96.100","0.04K","0.16%"
"Jan 05, 2022","96.127","96.100","96.165","95.860","0.07K","-0.11%"
"Jan 04, 2022","96.229","96.205","96.375","96.005","0.04K","0.07%"
"Jan 03, 2022","96.166","95.715","96.235","95.700","0.06K","0.64%"
"Dec 31, 2021","95.553","95.915","96.000","95.565","0.06K","-0.38%"
"Dec 30, 2021","95.919","95.865","96.160","95.860","0.05K","0.03%"
"Dec 29, 2021","95.886","96.115","96.310","95.685","0.07K","-0.29%"
"Dec 28, 2021","96.168","96.060","96.175","95.980","0.05K","0.12%"
"Dec 27, 2021","96.051","96.085","96.170","96.020","0.03K","0.10%"
"Dec 23, 2021","95.955","96.035","96.135","95.935","0.02K","-0.09%"
"Dec 22, 2021","96.039","96.380","96.525","95.990","0.04K","-0.43%"
"Dec 21, 2021","96.454","96.420","96.530","96.345","0.02K","-0.06%"
"Dec 20, 2021","96.515","96.585","96.600","96.300","0.02K","0.00%"
"Dec 17, 2021","96.513","95.930","96.600","95.880","0.02K","0.56%"
"Dec 16, 2021","95.980","96.375","96.375","95.840","0.25K","-0.50%"
"Dec 15, 2021","96.467","96.480","96.800","96.255","0.04K","-0.05%"
"Dec 14, 2021","96.513","96.330","96.515","96.090","0.07K","0.25%"
"Dec 13, 2021","96.272","96.085","96.420","96.025","10.94K","0.21%"
"Dec 10, 2021","96.074","96.235","96.415","95.950","18.92K","-0.16%"
"Dec 09, 2021","96.232","95.965","96.325","95.945","20.25K","0.38%"
"Dec 08, 2021","95.865","96.260","96.360","95.815","22.87K","-0.50%"
"Dec 07, 2021","96.345","96.260","96.565","96.150","12.52K","0.04%"
"Dec 06, 2021","96.305","96.150","96.405","96.095","13.94K","0.24%"
"Dec 03, 2021","96.074","96.100","96.400","95.900","1.88K","-0.04%"
"Dec 02, 2021","96.108","96.000","96.115","95.775","0.96K","0.15%"
"Dec 01, 2021","95.964","95.910","96.045","95.610","0.99K","0.03%"
"Nov 30, 2021","95.937","96.165","96.565","95.500","0.93K","-0.34%"
"Nov 29, 2021","96.268","96.150","96.370","96.080","0.86K","0.24%"
"Nov 26, 2021","96.034","96.650","96.685","95.945","1.13K","-0.79%"
"Nov 25, 2021","96.802","96.710","96.720","96.600","0.20K","0.00%"
"Nov 24, 2021","96.802","96.510","96.845","96.370","0.29K","0.39%"
"Nov 23, 2021","96.424","96.375","96.530","96.260","0.35K","-0.05%"
"Nov 22, 2021","96.474","96.000","96.480","95.990","1.00K","0.54%"
"Nov 19, 2021","95.958","95.530","96.145","95.525","0.20K","0.50%"
"Nov 18, 2021","95.477","95.710","95.765","95.460","0.23K","-0.30%"
"Nov 17, 2021","95.764","95.800","96.170","95.695","0.38K","-0.09%"
"Nov 16, 2021","95.851","95.390","95.900","95.360","0.15K","0.54%"
"Nov 15, 2021","95.340","95.060","95.475","94.915","0.12K","0.29%"
"Nov 12, 2021","95.063","95.185","95.200","94.945","0.14K","-0.05%"
"Nov 11, 2021","95.115","94.865","95.140","94.765","0.31K","0.36%"
"Nov 10, 2021","94.773","93.945","94.835","93.935","0.36K","0.93%"
"Nov 09, 2021","93.896","94.000","94.100","93.810","0.35K","-0.09%"
"Nov 08, 2021","93.982","94.295","94.373","93.983","-","-0.29%"
"Nov 05, 2021","94.252","94.285","94.560","94.115","0.21K","-0.03%"
"Nov 04, 2021","94.281","93.755","94.400","93.755","0.12K","0.51%"
"Nov 03, 2021","93.803","94.060","94.155","93.765","0.10K","-0.24%"
"Nov 02, 2021","94.024","93.870","94.060","93.780","0.06K","0.21%"
"Nov 01, 2021","93.824","94.060","94.195","93.815","0.28K","-0.25%"
"Oct 29, 2021","94.061","93.280","94.225","93.265","0.56K","0.85%"
"Oct 28, 2021","93.266","93.805","93.890","93.200","0.23K","-0.51%"
"Oct 27, 2021","93.743","93.830","93.915","93.650","0.16K","-0.14%"
"Oct 26, 2021","93.876","93.810","93.950","93.640","0.15K","0.13%"
"Oct 25, 2021","93.754","93.610","93.895","93.415","0.09K","0.19%"
"Oct 22, 2021","93.575","93.690","93.705","93.480","0.04K","-0.14%"
"Oct 21, 2021","93.708","93.570","93.720","93.440","0.05K","0.24%"
"Oct 20, 2021","93.485","93.735","93.800","93.495","0.07K","-0.21%"
"Oct 19, 2021","93.678","93.830","93.840","93.445","0.24K","-0.23%"
"Oct 18, 2021","93.890","93.895","94.125","93.855","0.05K","0.01%"
"Oct 15, 2021","93.883","93.865","94.015","93.865","0.03K","-0.03%"
"Oct 14, 2021","93.911","93.970","94.010","93.700","0.11K","-0.12%"
"Oct 13, 2021","94.025","94.415","94.415","93.960","0.08K","-0.46%"
"Oct 12, 2021","94.464","94.360","94.500","94.200","0.14K","0.20%"
"Oct 11, 2021","94.271","94.030","94.335","94.030","0.03K","0.27%"
"Oct 08, 2021","94.014","94.200","94.260","93.905","0.29K","-0.16%"
"Oct 07, 2021","94.161","94.185","94.210","94.050","0.08K","-0.06%"
"Oct 06, 2021","94.222","93.950","94.400","93.950","0.17K","0.33%"
"Oct 05, 2021","93.912","93.850","93.985","93.825","0.04K","0.20%"
"Oct 04, 2021","93.725","93.940","94.055","93.620","0.06K","-0.28%"
"Oct 01, 2021","93.987","94.260","94.265","93.950","0.07K","-0.20%"
"Sep 30, 2021","94.180","94.265","94.435","94.130","0.32K","-0.12%"
"Sep 29, 2021","94.293","93.720","94.345","93.620","0.44K","0.62%"
"Sep 28, 2021","93.710","93.350","93.735","93.350","0.61K","0.42%"
"Sep 27, 2021","93.321","93.175","93.400","93.135","0.03K","0.05%"
"Sep 24, 2021","93.275","93.090","93.340","93.090","0.02K","0.33%"
"Sep 23, 2021","92.970","93.420","93.450","92.935","0.09K","-0.45%"
"Sep 22, 2021","93.390","93.145","93.445","93.000","0.07K","0.26%"
"Sep 21, 2021","93.145","93.175","93.175","93.000","0.03K","-0.06%"
"Sep 20, 2021","93.201","93.270","93.350","93.160","0.02K","0.09%"
"Sep 17, 2021","93.121","92.785","93.140","92.730","0.02K","0.28%"
"Sep 16, 2021","92.859","92.575","92.890","92.575","0.09K","0.42%"
"Sep 15, 2021","92.474","92.585","92.590","92.390","0.02K","-0.08%"
"Sep 14, 2021","92.549","92.560","92.590","92.240","0.08K","-0.11%"
"Sep 13, 2021","92.650","92.600","92.880","92.550","19.90K","0.08%"
"Sep 10, 2021","92.574","92.515","92.650","92.315","21.09K","0.11%"
"Sep 09, 2021","92.474","92.685","92.765","92.365","31.99K","-0.18%"
"Sep 08, 2021","92.644","92.550","92.850","92.470","14.37K","0.15%"
"Sep 07, 2021","92.509","92.165","92.575","92.100","17.59K","0.53%"
"Sep 06, 2021","92.019","92.100","92.305","92.100","2.02K","0.00%"
"Sep 03, 2021","92.019","92.225","92.255","91.935","5.95K","-0.23%"
"Sep 02, 2021","92.233","92.510","92.540","92.200","1.40K","-0.24%"
"Sep 01, 2021","92.454","92.665","92.790","92.380","1.13K","-0.20%"
"Aug 31, 2021","92.635","92.700","92.750","92.410","1.30K","-0.02%"
"Aug 30, 2021","92.657","92.710","92.785","92.605","0.49K","-0.04%"
"Aug 27, 2021","92.695","93.080","93.180","92.630","1.83K","-0.40%"
"Aug 26, 2021","93.068","92.820","93.075","92.805","0.49K","0.27%"
"Aug 25, 2021","92.820","92.900","93.110","92.810","0.47K","-0.07%"
"Aug 24, 2021","92.886","93.000","93.070","92.800","0.56K","-0.07%"
"Aug 23, 2021","92.951","93.450","93.505","92.950","0.76K","-0.58%"
"Aug 20, 2021","93.493","93.585","93.710","93.440","0.33K","-0.08%"
"Aug 19, 2021","93.568","93.220","93.575","93.220","0.61K","0.48%"
"Aug 18, 2021","93.124","93.130","93.250","92.960","0.39K","0.00%"
"Aug 17, 2021","93.120","92.610","93.140","92.610","0.22K","0.56%"
"Aug 16, 2021","92.599","92.490","92.635","92.460","0.19K","0.11%"
"Aug 13, 2021","92.501","92.970","92.980","92.450","0.50K","-0.55%"
"Aug 12, 2021","93.013","92.890","93.010","92.830","0.16K","0.12%"
"Aug 11, 2021","92.898","93.065","93.175","92.800","0.32K","-0.14%"
"Aug 10, 2021","93.025","92.960","93.105","92.920","0.45K","0.12%"
"Aug 09, 2021","92.915","92.805","92.975","92.700","0.17K","0.15%"
"Aug 06, 2021","92.780","92.270","92.825","92.255","0.20K","0.59%"
"Aug 05, 2021","92.239","92.280","92.315","92.115","0.17K","-0.02%"
"Aug 04, 2021","92.259","92.075","92.295","91.800","0.29K","0.21%"
"Aug 03, 2021","92.063","92.045","92.125","91.900","0.14K","0.02%"
"Aug 02, 2021","92.040","92.100","92.145","91.900","0.33K","-0.14%"
"Jul 30, 2021","92.168","91.880","92.170","91.775","0.16K","0.35%"
"Jul 29, 2021","91.851","92.240","92.270","91.840","0.71K","-0.48%"
"Jul 28, 2021","92.292","92.460","92.700","92.220","0.31K","-0.13%"
"Jul 27, 2021","92.411","92.545","92.825","92.305","0.28K","-0.24%"
"Jul 26, 2021","92.631","92.880","92.915","92.530","0.47K","-0.30%"
"Jul 23, 2021","92.908","92.800","93.000","92.760","0.26K","0.11%"
"Jul 22, 2021","92.810","92.785","92.885","92.495","0.53K","0.07%"
"Jul 21, 2021","92.745","92.970","93.160","92.710","0.43K","-0.23%"
"Jul 20, 2021","92.959","92.830","93.160","92.810","0.40K","0.09%"
"Jul 19, 2021","92.880","92.690","93.010","92.615","0.46K","0.23%"
"Jul 16, 2021","92.667","92.545","92.740","92.525","0.10K","0.07%"
"Jul 15, 2021","92.606","92.385","92.650","92.285","0.12K","0.24%"
"Jul 14, 2021","92.385","92.765","92.775","92.335","0.15K","-0.38%"
"Jul 13, 2021","92.734","92.195","92.790","92.195","0.11K","0.54%"
"Jul 12, 2021","92.236","92.120","92.370","92.075","0.06K","0.14%"
"Jul 09, 2021","92.103","92.370","92.465","92.080","0.10K","-0.32%"
"Jul 08, 2021","92.395","92.700","92.760","92.245","0.17K","-0.25%"
"Jul 07, 2021","92.625","92.515","92.820","92.470","0.12K","0.12%"
"Jul 06, 2021","92.518","92.230","92.640","91.985","0.18K","0.14%"
"Jul 05, 2021","92.393","92.235","92.320","92.135","0.10K","0.00%"
"Jul 02, 2021","92.393","92.530","92.695","92.170","0.20K","-0.21%"
"Jul 01, 2021","92.583","92.330","92.585","92.250","0.13K","0.18%"
"Jun 30, 2021","92.421","92.000","92.415","91.990","0.05K","0.43%"
"Jun 29, 2021","92.021","91.855","92.165","91.855","0.11K","0.18%"
"Jun 28, 2021","91.856","91.735","91.975","91.675","0.14K","0.03%"
"Jun 25, 2021","91.829","91.735","91.780","91.500","0.05K","0.05%"
"Jun 24, 2021","91.780","91.765","91.825","91.650","0.04K","0.01%"
"Jun 23, 2021","91.770","91.720","91.835","91.500","0.16K","0.04%"
"Jun 22, 2021","91.731","91.925","92.095","91.650","0.08K","-0.14%"
"Jun 21, 2021","91.861","92.225","92.315","91.830","0.17K","-0.36%"
"Jun 18, 2021","92.189","91.880","92.345","91.785","0.16K","0.37%"
"Jun 17, 2021","91.848","91.380","91.950","91.280","0.24K","0.73%"
"Jun 16, 2021","91.182","90.480","91.280","90.420","0.24K","0.77%"
"Jun 15, 2021","90.487","90.465","90.665","90.320","0.12K","-0.00%"
"Jun 14, 2021","90.488","90.490","90.570","90.370","10.27K","-0.04%"
"Jun 11, 2021","90.527","90.040","90.580","89.915","24.18K","0.55%"
"Jun 10, 2021","90.031","90.100","90.275","89.935","31.17K","-0.07%"
"Jun 09, 2021","90.093","90.095","90.135","89.795","13.78K","0.07%"
"Jun 08, 2021","90.031","89.945","90.135","89.920","10.65K","0.13%"
"Jun 07, 2021","89.914","90.170","90.305","89.880","17.38K","-0.25%"
"Jun 04, 2021","90.140","90.510","90.625","90.030","1.98K","-0.40%"
"Jun 03, 2021","90.505","89.920","90.555","89.890","1.83K","0.67%"
"Jun 02, 2021","89.906","89.885","90.240","89.855","1.32K","0.10%"
"Jun 01, 2021","89.815","89.800","89.920","89.650","0.96K","-0.20%"
"May 31, 2021","89.998","90.010","90.115","89.800","0.42K","0.00%"
"May 28, 2021","89.998","90.030","90.430","89.975","0.71K","0.04%"
"May 27, 2021","89.959","90.100","90.175","89.900","0.53K","-0.08%"
"May 26, 2021","90.030","89.660","90.100","89.575","0.32K","0.44%"
"May 25, 2021","89.633","89.800","89.835","89.545","0.64K","-0.24%"
"May 24, 2021","89.853","89.975","90.065","89.785","0.18K","-0.18%"
"May 21, 2021","90.013","89.750","90.155","89.645","0.31K","0.23%"
"May 20, 2021","89.805","90.230","90.235","89.760","0.25K","-0.44%"
"May 19, 2021","90.201","89.795","90.280","89.690","0.48K","0.50%"
"May 18, 2021","89.749","90.180","90.185","89.695","0.62K","-0.45%"
"May 17, 2021","90.152","90.350","90.400","90.130","0.35K","-0.20%"
"May 14, 2021","90.337","90.805","90.805","90.280","0.41K","-0.46%"
"May 13, 2021","90.750","90.725","90.910","90.570","1.07K","0.09%"
"May 12, 2021","90.671","90.260","90.820","90.135","1.05K","0.62%"
"May 11, 2021","90.109","90.260","90.300","89.930","0.38K","-0.07%"
"May 10, 2021","90.170","90.155","90.300","90.005","0.35K","-0.03%"
"May 07, 2021","90.201","90.820","90.925","90.165","0.38K","-0.78%"
"May 06, 2021","90.911","91.235","91.325","90.850","0.18K","-0.39%"
"May 05, 2021","91.263","91.245","91.410","91.145","0.09K","0.02%"
"May 04, 2021","91.247","90.995","91.325","90.990","0.18K","0.38%"
"May 03, 2021","90.905","91.245","91.325","90.835","0.24K","-0.37%"
"Apr 30, 2021","91.244","90.580","91.275","90.565","0.24K","0.74%"
"Apr 29, 2021","90.573","90.510","90.700","90.400","0.13K","0.00%"
"Apr 28, 2021","90.573","90.960","91.070","90.530","0.09K","-0.33%"
"Apr 27, 2021","90.872","90.845","91.000","90.770","0.06K","0.12%"
"Apr 26, 2021","90.760","90.800","90.895","90.650","0.22K","-0.08%"
"Apr 23, 2021","90.829","91.195","91.200","90.785","0.12K","-0.52%"
"Apr 22, 2021","91.306","91.060","91.350","90.970","0.22K","0.21%"
"Apr 21, 2021","91.118","91.200","91.395","91.055","0.12K","-0.10%"
"Apr 20, 2021","91.212","91.020","91.200","90.850","0.37K","0.19%"
"Apr 19, 2021","91.040","91.570","91.700","91.020","0.39K","-0.53%"
"Apr 16, 2021","91.529","91.715","91.770","91.475","0.11K","-0.08%"
"Apr 15, 2021","91.603","91.615","91.725","91.485","0.15K","-0.07%"
"Apr 14, 2021","91.664","91.760","91.780","91.580","0.09K","-0.19%"
"Apr 13, 2021","91.834","92.155","92.360","91.780","0.21K","-0.32%"
"Apr 12, 2021","92.129","92.215","92.320","92.000","0.11K","-0.02%"
"Apr 09, 2021","92.150","92.065","92.385","92.055","0.09K","0.10%"
"Apr 08, 2021","92.054","92.415","92.455","92.000","0.10K","-0.44%"
"Apr 07, 2021","92.457","92.335","92.385","92.165","0.08K","0.13%"
"Apr 06, 2021","92.333","92.530","92.750","92.290","0.11K","-0.27%"
"Apr 05, 2021","92.585","92.960","93.090","92.550","0.23K","-0.48%"
"Apr 02, 2021","93.036","92.880","93.055","92.845","0.04K","0.11%"
"Apr 01, 2021","92.932","93.190","93.325","92.880","0.14K","-0.31%"
"Mar 31, 2021","93.221","93.275","93.430","93.000","0.16K","-0.09%"
"Mar 30, 2021","93.301","92.885","93.335","92.885","0.10K","0.39%"
"Mar 29, 2021","92.936","92.770","92.935","92.730","0.07K","0.20%"
"Mar 26, 2021","92.755","92.835","92.835","92.650","0.10K","-0.05%"
"Mar 25, 2021","92.806","92.605","92.890","92.515","0.11K","0.32%"
"Mar 24, 2021","92.510","92.400","92.600","92.330","0.11K","0.20%"
"Mar 23, 2021","92.328","91.800","92.335","91.800","0.14K","0.66%"
"Mar 22, 2021","91.721","92.065","92.125","91.690","0.18K","-0.20%"
"Mar 19, 2021","91.905","91.905","92.120","91.690","0.15K","0.07%"
"Mar 18, 2021","91.845","91.330","91.900","91.290","0.19K","0.47%"
"Mar 17, 2021","91.413","91.910","91.965","91.350","0.17K","-0.49%"
"Mar 16, 2021","91.860","91.820","92.005","91.675","0.10K","0.03%"
"Mar 15, 2021","91.832","91.655","91.970","91.540","28.21K","0.17%"
"Mar 12, 2021","91.677","91.420","91.960","91.380","29.37K","0.29%"
"Mar 11, 2021","91.415","91.850","91.895","91.340","42.13K","-0.45%"
"Mar 10, 2021","91.828","92.010","92.260","91.775","17.66K","-0.14%"
"Mar 09, 2021","91.960","92.430","92.530","91.915","10.35K","-0.42%"
"Mar 08, 2021","92.344","91.900","92.455","91.850","7.41K","0.39%"
"Mar 05, 2021","91.989","91.690","92.210","91.630","5.90K","0.40%"
"Mar 04, 2021","91.624","91.015","91.675","90.980","1.55K","0.77%"
"Mar 03, 2021","90.927","90.800","91.060","90.620","1.44K","0.16%"
"Mar 02, 2021","90.780","91.075","91.390","90.725","1.76K","-0.26%"
"Mar 01, 2021","91.018","90.925","91.125","90.700","2.07K","0.17%"
"Feb 26, 2021","90.862","90.320","90.955","90.130","1.15K","0.82%"
"Feb 25, 2021","90.120","90.085","90.275","89.655","2.52K","-0.03%"
"Feb 24, 2021","90.145","90.055","90.415","89.945","0.58K","0.00%"
"Feb 23, 2021","90.142","89.985","90.215","89.905","0.35K","0.18%"
"Feb 22, 2021","89.979","90.330","90.550","89.965","0.46K","-0.40%"
"Feb 19, 2021","90.343","90.530","90.630","90.170","0.49K","-0.25%"
"Feb 18, 2021","90.570","90.850","90.965","90.510","0.34K","-0.38%"
"Feb 17, 2021","90.919","90.700","91.020","90.600","0.28K","0.49%"
"Feb 16, 2021","90.473","90.275","90.600","90.080","0.30K","0.04%"
"Feb 15, 2021","90.435","90.300","90.370","90.240","0.05K","0.00%"
"Feb 12, 2021","90.435","90.415","90.680","90.340","0.15K","0.06%"
"Feb 11, 2021","90.378","90.415","90.425","90.215","0.11K","0.06%"
"Feb 10, 2021","90.328","90.450","90.490","90.210","0.21K","-0.08%"
"Feb 09, 2021","90.399","90.875","90.875","90.385","0.26K","-0.54%"
"Feb 08, 2021","90.894","90.930","91.185","90.845","0.55K","-0.12%"
"Feb 05, 2021","91.007","91.485","91.570","90.950","0.36K","-0.53%"
"Feb 04, 2021","91.495","91.075","91.550","91.070","0.21K","0.41%"
"Feb 03, 2021","91.123","91.000","91.250","90.955","0.17K","-0.04%"
"Feb 02, 2021","91.155","90.965","91.260","90.795","0.23K","0.24%"
"Feb 01, 2021","90.940","90.575","91.020","90.465","0.17K","0.44%"
"Jan 29, 2021","90.540","90.610","90.725","90.320","0.21K","0.15%"
"Jan 28, 2021","90.402","90.735","90.795","90.370","0.19K","-0.22%"
"Jan 27, 2021","90.605","90.140","90.830","90.100","0.18K","0.54%"
"Jan 26, 2021","90.118","90.305","90.525","90.070","0.10K","-0.25%"
"Jan 25, 2021","90.343","90.215","90.475","90.040","0.11K","0.18%"
"Jan 22, 2021","90.182","90.065","90.270","90.045","0.23K","0.09%"
"Jan 21, 2021","90.097","90.275","90.315","90.015","0.17K","-0.38%"
"Jan 20, 2021","90.439","90.388","90.690","90.248","-","-0.01%"
"Jan 19, 2021","90.446","90.680","90.725","90.385","0.26K","-0.31%"
"Jan 18, 2021","90.727","90.675","90.910","90.675","0.09K","0.00%"
"Jan 15, 2021","90.727","90.200","90.750","90.200","0.21K","0.60%"
"Jan 14, 2021","90.189","90.225","90.520","90.065","0.14K","-0.14%"
"Jan 13, 2021","90.314","89.980","90.400","89.880","0.14K","0.30%"
"Jan 12, 2021","90.044","90.445","90.550","89.990","0.15K","-0.42%"
"Jan 11, 2021","90.422","90.205","90.670","90.170","0.18K","0.42%"
"Jan 08, 2021","90.048","89.855","90.145","89.620","0.29K","0.31%"
"Jan 07, 2021","89.771","89.345","89.900","89.345","0.13K","0.32%"
"Jan 06, 2021","89.482","89.360","89.750","89.155","0.12K","0.10%"
"Jan 05, 2021","89.389","89.790","89.790","89.375","0.09K","-0.48%"
"Jan 04, 2021","89.819","89.735","89.890","89.380","0.13K","-0.04%"
"Dec 31, 2020","89.859","89.500","89.930","89.500","0.09K","0.27%"
"Dec 30, 2020","89.614","89.868","89.900","89.515","-","-0.30%"
"Dec 29, 2020","89.883","90.100","90.100","89.830","0.04K","-0.40%"
"Dec 28, 2020","90.240","90.100","90.260","89.890","0.07K","0.03%"
"Dec 24, 2020","90.215","90.115","90.225","90.075","0.02K","-0.10%"
"Dec 23, 2020","90.306","90.400","90.460","90.070","0.03K","-0.23%"
"Dec 22, 2020","90.511","90.055","90.550","90.055","0.04K","0.66%"
"Dec 21, 2020","89.914","90.000","90.910","89.970","0.09K","-0.01%"
"Dec 18, 2020","89.920","89.805","89.900","89.770","0.01K","0.24%"
"Dec 17, 2020","89.706","90.050","90.050","89.620","0.23K","-0.69%"
"Dec 16, 2020","90.327","90.330","90.560","90.030","0.05K","-0.05%"
"Dec 15, 2020","90.369","90.550","90.685","90.325","0.02K","-0.32%"
"Dec 14, 2020","90.655","90.730","90.845","90.345","23.43K","-0.30%"
"Dec 11, 2020","90.924","90.670","90.975","90.545","21.50K","0.19%"
"Dec 10, 2020","90.751","91.000","91.080","90.575","27.05K","-0.29%"
"Dec 09, 2020","91.011","90.830","91.120","90.595","14.05K","0.14%"
"Dec 08, 2020","90.880","90.825","90.925","90.660","10.38K","0.20%"
"Dec 07, 2020","90.702","90.675","91.150","90.515","8.92K","0.10%"
"Dec 04, 2020","90.609","90.585","90.780","90.380","7.98K","-0.04%"
"Dec 03, 2020","90.645","91.030","91.030","90.435","1.98K","-0.45%"
"Dec 02, 2020","91.052","91.160","91.430","90.915","1.00K","-0.19%"
"Dec 01, 2020","91.227","91.825","91.835","91.085","1.00K","-0.62%"
"Nov 30, 2020","91.792","91.695","91.955","91.425","0.90K","0.06%"
"Nov 27, 2020","91.741","91.930","91.980","91.690","0.21K","-0.18%"
"Nov 26, 2020","91.906","91.905","92.100","91.785","0.22K","0.00%"
"Nov 25, 2020","91.906","92.118","92.252","91.910","-","-0.28%"
"Nov 24, 2020","92.165","92.445","92.500","92.065","0.42K","-0.29%"
"Nov 23, 2020","92.434","92.325","92.730","91.955","0.35K","0.11%"
"Nov 20, 2020","92.335","92.250","92.350","92.150","0.16K","0.11%"
"Nov 19, 2020","92.234","92.445","92.620","92.190","0.19K","-0.03%"
"Nov 18, 2020","92.261","92.405","92.450","92.150","0.13K","-0.09%"
"Nov 17, 2020","92.348","92.445","92.485","92.200","0.15K","-0.25%"
"Nov 16, 2020","92.580","92.620","92.785","92.400","0.14K","-0.14%"
"Nov 13, 2020","92.708","92.895","92.960","92.670","0.11K","-0.22%"
"Nov 12, 2020","92.915","92.970","93.045","92.730","0.21K","-0.08%"
"Nov 11, 2020","92.994","92.665","93.165","92.600","0.17K","0.31%"
"Nov 10, 2020","92.706","92.715","92.935","92.585","0.16K","0.02%"
"Nov 09, 2020","92.685","92.155","92.925","92.120","0.40K","0.53%"
"Nov 06, 2020","92.195","92.750","92.750","92.130","0.23K","-0.31%"
"Nov 05, 2020","92.486","93.360","93.365","92.485","0.28K","-0.96%"
"Nov 04, 2020","93.381","93.555","94.250","93.230","0.15K","-0.16%"
"Nov 03, 2020","93.530","93.980","93.980","93.305","0.07K","-0.61%"
"Nov 02, 2020","94.105","94.105","94.165","93.965","0.15K","0.10%"
"Oct 30, 2020","94.007","93.910","94.010","93.755","0.08K","0.07%"
"Oct 29, 2020","93.942","93.400","94.075","93.325","0.13K","0.60%"
"Oct 28, 2020","93.379","93.125","93.615","93.125","0.16K","0.52%"
"Oct 27, 2020","92.897","92.915","93.000","92.790","0.10K","-0.12%"
"Oct 26, 2020","93.009","92.715","93.050","92.715","0.04K","0.30%"
"Oct 23, 2020","92.730","93.065","93.065","92.635","0.06K","-0.21%"
"Oct 22, 2020","92.929","92.675","92.930","92.610","0.08K","0.39%"
"Oct 21, 2020","92.564","92.920","92.920","92.460","0.12K","-0.49%"
"Oct 20, 2020","93.016","93.400","93.460","92.975","0.10K","-0.40%"
"Oct 19, 2020","93.394","93.690","93.690","93.185","0.12K","-0.27%"
"Oct 16, 2020","93.644","93.770","93.810","93.505","0.10K","-0.20%"
"Oct 15, 2020","93.829","93.395","93.850","93.385","0.07K","0.52%"
"Oct 14, 2020","93.346","93.525","93.525","93.245","0.14K","-0.17%"
"Oct 13, 2020","93.501","93.045","93.580","93.045","0.15K","0.47%"
"Oct 12, 2020","93.066","93.115","93.205","93.010","0.06K","0.03%"
"Oct 09, 2020","93.040","93.400","93.405","92.975","0.08K","-0.62%"
"Oct 08, 2020","93.623","93.660","93.775","93.535","0.16K","-0.03%"
"Oct 07, 2020","93.653","93.850","93.940","93.600","0.08K","-0.07%"
"Oct 06, 2020","93.719","93.400","93.870","93.400","0.15K","0.20%"
"Oct 05, 2020","93.530","93.845","93.845","93.395","0.13K","-0.37%"
"Oct 02, 2020","93.874","93.755","94.030","93.705","0.10K","0.16%"
"Oct 01, 2020","93.725","93.890","93.925","93.580","0.12K","-0.18%"
"Sep 30, 2020","93.897","93.880","94.190","93.715","0.09K","0.00%"
"Sep 29, 2020","93.895","94.235","94.280","93.865","0.13K","-0.40%"
"Sep 28, 2020","94.269","94.550","94.560","94.145","0.12K","-0.40%"
"Sep 25, 2020","94.647","94.370","94.690","94.215","0.08K","0.31%"
"Sep 24, 2020","94.358","94.280","94.580","94.215","0.13K","-0.04%"
"Sep 23, 2020","94.398","94.040","94.425","93.950","0.18K","0.45%"
"Sep 22, 2020","93.978","93.560","94.075","93.460","0.13K","0.36%"
"Sep 21, 2020","93.639","92.995","93.750","92.995","0.04K","0.79%"
"Sep 18, 2020","92.907","92.800","92.945","92.770","0.02K","-0.01%"
"Sep 17, 2020","92.919","93.370","93.370","92.865","0.02K","-0.27%"
"Sep 16, 2020","93.171","93.070","93.085","92.760","0.02K","0.16%"
"Sep 15, 2020","93.025","93.070","93.185","92.790","18.64K","-0.04%"
"Sep 14, 2020","93.060","93.335","93.340","92.865","24.01K","-0.30%"
"Sep 11, 2020","93.338","93.365","93.400","93.075","27.44K","0.02%"
"Sep 10, 2020","93.316","93.255","93.445","92.680","34.05K","0.08%"
"Sep 09, 2020","93.244","93.545","93.640","93.100","12.55K","-0.19%"
"Sep 08, 2020","93.425","93.055","93.515","92.990","14.64K","0.77%"
"Sep 07, 2020","92.709","92.785","93.080","92.785","2.89K","0.00%"
"Sep 04, 2020","92.709","92.825","93.245","92.660","5.77K","-0.03%"
"Sep 03, 2020","92.735","92.690","93.075","92.690","2.51K","-0.11%"
"Sep 02, 2020","92.839","92.265","92.880","92.265","1.29K","0.54%"
"Sep 01, 2020","92.342","92.135","92.405","91.750","1.12K","0.22%"
"Aug 31, 2020","92.141","92.230","92.500","92.010","1.31K","-0.27%"
"Aug 28, 2020","92.389","93.100","93.100","92.200","0.94K","-0.66%"
"Aug 27, 2020","93.006","92.850","93.350","92.445","0.57K","-0.02%"
"Aug 26, 2020","93.026","93.030","93.365","92.860","0.80K","-0.02%"
"Aug 25, 2020","93.049","93.380","93.395","92.990","0.37K","-0.29%"
"Aug 24, 2020","93.319","93.200","93.380","92.880","0.23K","0.05%"
"Aug 21, 2020","93.270","92.690","93.500","92.610","0.35K","0.50%"
"Aug 20, 2020","92.808","93.045","93.240","92.740","0.29K","-0.11%"
"Aug 19, 2020","92.910","92.250","93.080","92.190","0.20K","0.68%"
"Aug 18, 2020","92.286","92.795","92.795","92.135","0.39K","-0.63%"
"Aug 17, 2020","92.872","93.070","93.135","92.800","0.28K","-0.26%"
"Aug 14, 2020","93.110","93.325","93.400","93.060","0.09K","-0.25%"
"Aug 13, 2020","93.342","93.295","93.400","92.925","0.17K","-0.10%"
"Aug 12, 2020","93.433","93.735","93.915","93.245","0.14K","-0.21%"
"Aug 11, 2020","93.625","93.630","93.750","93.185","0.29K","0.03%"
"Aug 10, 2020","93.594","93.455","93.695","93.330","0.15K","0.17%"
"Aug 07, 2020","93.432","92.810","93.620","92.810","0.18K","0.69%"
"Aug 06, 2020","92.788","92.805","93.105","92.500","0.27K","-0.09%"
"Aug 05, 2020","92.870","93.150","93.220","92.600","0.18K","-0.57%"
"Aug 04, 2020","93.398","93.600","93.815","93.230","0.16K","-0.14%"
"Aug 03, 2020","93.527","93.400","93.975","93.360","0.22K","0.20%"
"Jul 31, 2020","93.341","92.665","93.510","92.520","0.46K","0.34%"
"Jul 30, 2020","93.024","93.305","93.625","92.915","0.31K","-0.44%"
"Jul 29, 2020","93.437","93.730","93.730","93.120","0.19K","-0.23%"
"Jul 28, 2020","93.651","93.515","93.965","93.500","0.22K","0.05%"
"Jul 27, 2020","93.605","94.295","94.295","93.445","0.25K","-0.82%"
"Jul 24, 2020","94.377","94.735","94.735","94.230","0.19K","-0.28%"
"Jul 23, 2020","94.639","94.880","95.135","94.540","0.12K","-0.30%"
"Jul 22, 2020","94.922","95.070","95.360","94.765","0.21K","-0.13%"
"Jul 21, 2020","95.049","95.650","95.790","95.000","0.13K","-0.74%"
"Jul 20, 2020","95.762","95.855","96.115","95.675","0.05K","-0.11%"
"Jul 17, 2020","95.864","96.235","96.270","95.870","0.05K","-0.45%"
"Jul 16, 2020","96.294","95.985","96.300","95.850","0.08K","0.28%"
"Jul 15, 2020","96.025","96.090","96.160","95.790","0.11K","-0.18%"
"Jul 14, 2020","96.195","96.500","96.615","96.130","0.12K","-0.20%"
"Jul 13, 2020","96.388","96.435","96.580","96.210","0.09K","-0.21%"
"Jul 10, 2020","96.589","96.800","96.935","96.590","0.04K","-0.07%"
"Jul 09, 2020","96.653","96.375","96.760","96.185","0.07K","0.30%"
"Jul 08, 2020","96.368","96.960","96.960","96.355","0.05K","-0.49%"
"Jul 07, 2020","96.839","96.585","97.100","96.585","0.02K","0.16%"
"Jul 06, 2020","96.682","97.150","97.150","96.515","0.09K","-0.64%"
"Jul 03, 2020","97.302","97.155","97.320","97.155","0.03K","0.00%"
"Jul 02, 2020","97.302","97.150","97.290","96.745","0.14K","0.14%"
"Jul 01, 2020","97.165","97.310","97.580","97.035","0.05K","-0.20%"
"Jun 30, 2020","97.359","97.415","97.785","97.290","0.04K","-0.16%"
"Jun 29, 2020","97.511","97.260","97.515","97.145","0.07K","0.10%"
"Jun 26, 2020","97.417","97.300","97.625","97.270","0.04K","0.02%"
"Jun 25, 2020","97.395","97.260","97.560","97.260","0.02K","0.28%"
"Jun 24, 2020","97.124","96.555","97.215","96.555","0.02K","0.54%"
"Jun 23, 2020","96.603","96.420","96.605","96.410","0.00K","-0.38%"
"Jun 22, 2020","96.975","97.580","97.580","97.000","0.01K","-0.60%"
"Jun 19, 2020","97.562","97.430","97.610","97.170","0.03K","0.19%"
"Jun 18, 2020","97.380","97.000","97.460","97.000","0.03K","0.27%"
"Jun 17, 2020","97.115","96.845","97.260","96.790","0.07K","0.22%"
"Jun 16, 2020","96.903","96.485","97.170","96.455","0.05K","0.26%"
"Jun 15, 2020","96.650","97.250","97.380","96.550","18.52K","-0.70%"
"Jun 12, 2020","97.330","96.845","97.465","96.485","23.76K","0.63%"
"Jun 11, 2020","96.723","96.100","96.845","95.915","25.34K","0.86%"
"Jun 10, 2020","95.897","96.425","96.495","95.570","13.72K","-0.39%"
"Jun 09, 2020","96.271","96.545","97.005","96.180","5.58K","-0.29%"
"Jun 08, 2020","96.555","96.835","97.035","96.535","6.53K","-0.35%"
"Jun 05, 2020","96.892","96.705","97.020","96.460","1.38K","0.28%"
"Jun 04, 2020","96.624","97.260","97.605","96.540","1.05K","-0.62%"
"Jun 03, 2020","97.231","97.585","97.585","97.140","0.74K","-0.41%"
"Jun 02, 2020","97.631","97.815","97.875","97.395","0.39K","-0.16%"
"Jun 01, 2020","97.790","98.270","98.290","97.750","0.24K","-0.54%"
"May 29, 2020","98.323","98.480","98.560","97.930","0.55K","-0.04%"
"May 28, 2020","98.360","98.890","99.035","98.350","0.20K","-0.69%"
"May 27, 2020","99.048","99.080","99.310","98.710","0.19K","0.13%"
"May 26, 2020","98.919","99.790","99.790","98.915","0.18K","-0.96%"
"May 25, 2020","99.880","99.760","99.860","99.745","0.02K","0.00%"
"May 22, 2020","99.880","99.600","99.885","99.575","0.08K","0.48%"
"May 21, 2020","99.399","99.250","99.540","99.050","0.08K","0.26%"
"May 20, 2020","99.137","99.515","99.515","99.020","0.08K","-0.23%"
"May 19, 2020","99.368","99.655","99.770","99.280","0.15K","-0.33%"
"May 18, 2020","99.692","100.375","100.500","99.630","0.11K","-0.73%"
"May 15, 2020","100.429","100.310","100.500","100.150","0.03K","-0.07%"
"May 14, 2020","100.502","100.400","100.600","100.285","0.02K","0.22%"
"May 13, 2020","100.286","99.980","100.300","99.700","0.03K","0.34%"
"May 12, 2020","99.950","100.400","100.500","99.770","0.04K","-0.31%"
"May 11, 2020","100.260","99.750","100.300","99.750","0.10K","0.49%"
"May 08, 2020","99.775","99.710","99.970","99.485","0.13K","-0.17%"
"May 07, 2020","99.941","100.310","100.465","99.895","0.08K","-0.22%"
"May 06, 2020","100.161","99.915","100.260","99.915","0.03K","0.37%"
"May 05, 2020","99.787","99.515","100.065","99.450","0.08K","0.21%"
"May 04, 2020","99.573","99.260","99.645","99.260","0.04K","0.45%"
"May 01, 2020","99.130","99.265","99.265","98.855","0.01K","0.07%"
"Apr 30, 2020","99.058","99.505","99.760","99.010","0.06K","-0.60%"
"Apr 29, 2020","99.654","99.865","99.940","99.570","0.01K","-0.29%"
"Apr 28, 2020","99.944","100.220","100.255","99.545","0.01K","-0.16%"
"Apr 27, 2020","100.107","100.390","100.400","99.900","0.08K","-0.32%"
"Apr 24, 2020","100.424","100.675","100.900","100.335","0.06K","-0.10%"
"Apr 23, 2020","100.527","100.580","100.770","100.180","0.07K","0.02%"
"Apr 22, 2020","100.508","100.370","100.590","100.020","0.05K","0.15%"
"Apr 21, 2020","100.354","100.250","100.580","100.250","0.05K","0.32%"
"Apr 20, 2020","100.034","99.925","100.115","99.835","0.02K","0.22%"
"Apr 17, 2020","99.810","99.715","100.250","99.655","0.04K","-0.25%"
"Apr 16, 2020","100.065","99.895","100.200","99.645","0.02K","0.62%"
"Apr 15, 2020","99.451","99.035","99.960","99.035","0.03K","0.61%"
"Apr 14, 2020","98.852","99.250","99.250","98.780","0.07K","-0.46%"
"Apr 13, 2020","99.306","99.380","99.505","99.105","0.01K","-0.17%"
"Apr 09, 2020","99.477","100.325","100.325","99.380","0.04K","-0.68%"
"Apr 08, 2020","100.155","99.970","100.460","99.970","0.05K","0.23%"
"Apr 07, 2020","99.929","100.660","100.660","99.705","0.07K","-0.83%"
"Apr 06, 2020","100.770","100.660","101.015","100.660","0.02K","0.09%"
"Apr 03, 2020","100.677","100.335","100.985","100.320","0.05K","0.40%"
"Apr 02, 2020","100.271","99.750","100.370","99.680","0.04K","0.52%"
"Apr 01, 2020","99.753","98.975","99.775","98.975","0.05K","0.67%"
"Mar 31, 2020","99.092","99.755","99.985","99.000","0.04K","-0.16%"
"Mar 30, 2020","99.246","98.620","99.290","98.345","0.06K","0.73%"
"Mar 27, 2020","98.526","99.485","99.960","98.390","0.05K","-0.95%"
"Mar 26, 2020","99.468","100.580","100.580","99.395","0.04K","-1.57%"
"Mar 25, 2020","101.055","101.825","101.960","100.855","0.03K","-1.23%"
"Mar 24, 2020","102.312","102.800","102.800","101.610","0.09K","-0.98%"
"Mar 23, 2020","103.320","103.580","103.970","102.500","0.03K","-0.25%"
"Mar 20, 2020","103.582","103.630","103.665","102.500","0.04K","-0.19%"
"Mar 19, 2020","103.780","102.070","103.980","101.305","0.03K","2.12%"
"Mar 18, 2020","101.623","99.370","102.000","99.370","0.10K","1.91%"
"Mar 17, 2020","99.719","98.530","99.960","98.485","0.05K","1.60%"
"Mar 16, 2020","98.152","98.450","98.685","97.580","27.31K","-0.76%"
"Mar 13, 2020","98.904","97.595","99.070","97.385","64.17K","1.28%"
"Mar 12, 2020","97.654","96.545","98.400","96.015","52.41K","1.26%"
"Mar 11, 2020","96.442","96.210","96.535","95.810","10.28K","0.17%"
"Mar 10, 2020","96.279","95.225","96.465","95.060","10.29K","1.62%"
"Mar 09, 2020","94.744","95.650","95.685","94.530","14.93K","-1.09%"
"Mar 06, 2020","95.785","96.475","96.475","95.540","3.48K","-0.83%"
"Mar 05, 2020","96.588","97.110","97.120","96.300","0.98K","-0.53%"
"Mar 04, 2020","97.101","96.955","97.330","96.900","1.32K","0.21%"
"Mar 03, 2020","96.902","97.240","97.375","96.635","1.24K","-0.15%"
"Mar 02, 2020","97.046","97.545","97.710","96.870","1.29K","-0.76%"
"Feb 28, 2020","97.786","98.070","98.315","97.640","1.10K","-0.35%"
"Feb 27, 2020","98.131","98.640","98.640","97.980","0.48K","-0.47%"
"Feb 26, 2020","98.593","98.625","98.860","98.510","0.21K","0.06%"
"Feb 25, 2020","98.536","98.870","98.945","98.475","0.22K","-0.38%"
"Feb 24, 2020","98.909","99.000","99.190","98.665","0.30K","0.10%"
"Feb 21, 2020","98.810","99.380","99.400","98.775","0.30K","-0.60%"
"Feb 20, 2020","99.406","99.175","99.440","99.175","0.26K","0.18%"
"Feb 19, 2020","99.227","98.935","99.225","98.925","0.11K","0.27%"
"Feb 18, 2020","98.963","98.765","99.005","98.690","0.12K","0.33%"
"Feb 17, 2020","98.635","98.635","98.710","98.595","0.02K","0.00%"
"Feb 14, 2020","98.635","98.640","98.685","98.540","0.02K","0.05%"
"Feb 13, 2020","98.588","98.535","98.605","98.500","0.03K","0.04%"
"Feb 12, 2020","98.552","98.310","98.515","98.230","0.12K","0.33%"
"Feb 11, 2020","98.227","98.370","98.415","98.230","0.06K","-0.12%"
"Feb 10, 2020","98.344","98.170","98.400","98.130","0.05K","0.15%"
"Feb 07, 2020","98.201","97.920","98.215","97.920","0.37K","0.20%"
"Feb 06, 2020","98.009","97.795","98.070","97.775","0.09K","0.23%"
"Feb 05, 2020","97.788","97.475","97.800","97.460","0.04K","0.36%"
"Feb 04, 2020","97.442","97.300","97.470","97.300","0.05K","0.18%"
"Feb 03, 2020","97.265","96.885","97.465","96.885","0.14K","0.44%"
"Jan 31, 2020","96.843","97.330","97.400","96.800","0.06K","-0.49%"
"Jan 30, 2020","97.321","97.470","97.470","97.280","0.06K","-0.12%"
"Jan 29, 2020","97.434","97.435","97.555","97.410","0.01K","-0.02%"
"Jan 28, 2020","97.450","97.385","97.555","97.385","0.06K","0.07%"
"Jan 27, 2020","97.382","97.250","97.400","97.250","0.09K","0.12%"
"Jan 24, 2020","97.265","97.110","97.350","97.110","0.05K","0.17%"
"Jan 23, 2020","97.102","96.955","97.195","96.910","0.02K","0.19%"
"Jan 22, 2020","96.920","96.895","96.970","96.790","0.01K","0.01%"
"Jan 21, 2020","96.908","96.975","96.980","96.780","0.06K","-0.07%"
"Jan 20, 2020","96.979","97.090","97.090","97.030","0.01K","0.00%"
"Jan 17, 2020","96.979","96.675","97.000","96.675","0.01K","0.31%"
"Jan 16, 2020","96.682","96.560","96.700","96.455","0.06K","0.11%"
"Jan 15, 2020","96.579","96.740","96.775","96.515","0.09K","-0.15%"
"Jan 14, 2020","96.720","96.700","96.885","96.695","0.04K","0.04%"
"Jan 13, 2020","96.685","96.775","96.830","96.650","0.06K","-0.02%"
"Jan 10, 2020","96.703","96.860","96.920","96.645","0.06K","-0.10%"
"Jan 09, 2020","96.801","96.635","96.895","96.635","0.07K","0.17%"
"Jan 08, 2020","96.636","96.290","96.660","96.290","0.04K","0.30%"
"Jan 07, 2020","96.347","96.010","96.420","96.010","0.07K","0.37%"
"Jan 06, 2020","95.995","96.205","96.205","95.915","0.02K","-0.18%"
"Jan 03, 2020","96.166","96.130","96.415","96.110","0.03K","-0.00%"
"Jan 02, 2020","96.168","95.780","96.170","95.780","0.20K","0.50%"
"Dec 31, 2019","95.688","95.930","95.930","95.700","0.10K","-0.37%"
"Dec 30, 2019","96.047","96.280","96.280","95.965","0.03K","-0.15%"
"Dec 27, 2019","96.187","96.690","96.690","96.190","0.12K","-0.59%"
"Dec 26, 2019","96.755","96.820","96.820","96.760","0.01K","-0.14%"
"Dec 24, 2019","96.891","96.925","97.000","96.875","0.01K","0.02%"
"Dec 23, 2019","96.875","96.880","97.030","96.875","0.02K","-0.04%"
"Dec 20, 2019","96.917","96.645","96.975","96.645","0.12K","0.33%"
"Dec 19, 2019","96.600","96.565","96.680","96.495","0.11K","-0.01%"
"Dec 18, 2019","96.608","96.505","96.670","96.505","0.01K","0.20%"
"Dec 17, 2019","96.418","96.465","96.465","96.240","0.03K","-0.17%"
"Dec 16, 2019","96.580","96.715","96.730","96.495","12.42K","-0.17%"
"Dec 13, 2019","96.745","96.420","96.810","96.295","27.50K","-0.22%"
"Dec 12, 2019","96.959","96.640","97.095","96.600","30.46K","0.36%"
"Dec 11, 2019","96.616","97.065","97.145","96.575","10.15K","-0.34%"
"Dec 10, 2019","96.950","97.200","97.200","96.940","4.53K","-0.24%"
"Dec 09, 2019","97.179","97.235","97.275","97.110","10.98K","-0.07%"
"Dec 06, 2019","97.246","96.955","97.400","96.820","2.85K","0.30%"
"Dec 05, 2019","96.956","97.120","97.120","96.905","0.45K","-0.24%"
"Dec 04, 2019","97.187","97.250","97.315","96.950","0.50K","-0.07%"
"Dec 03, 2019","97.256","97.440","97.440","97.160","0.21K","-0.10%"
"Dec 02, 2019","97.351","97.785","97.865","97.310","0.68K","-0.43%"
"Nov 29, 2019","97.767","97.910","98.045","97.735","0.54K","-0.09%"
"Nov 28, 2019","97.853","97.845","97.900","97.780","0.05K","0.00%"
"Nov 27, 2019","97.853","97.850","97.905","97.790","0.05K","0.12%"
"Nov 26, 2019","97.736","97.780","97.865","97.715","0.06K","-0.07%"
"Nov 25, 2019","97.803","97.775","97.855","97.680","0.17K","0.04%"
"Nov 22, 2019","97.760","97.425","97.770","97.310","0.10K","0.28%"
"Nov 21, 2019","97.484","97.280","97.500","97.250","0.07K","0.09%"
"Nov 20, 2019","97.399","97.365","97.495","97.320","0.06K","0.08%"
"Nov 19, 2019","97.322","97.330","97.335","97.255","0.03K","0.08%"
"Nov 18, 2019","97.245","97.390","97.390","97.135","0.10K","-0.21%"
"Nov 15, 2019","97.451","97.585","97.600","97.425","0.03K","-0.15%"
"Nov 14, 2019","97.594","97.840","97.840","97.560","0.10K","-0.22%"
"Nov 13, 2019","97.805","97.745","97.870","97.710","0.02K","0.08%"
"Nov 12, 2019","97.726","97.690","97.805","97.690","0.07K","0.12%"
"Nov 11, 2019","97.608","97.780","97.780","97.545","0.58K","-0.18%"
"Nov 08, 2019","97.786","97.550","97.825","97.550","0.17K","0.21%"
"Nov 07, 2019","97.579","97.395","97.640","97.320","0.10K","0.23%"
"Nov 06, 2019","97.359","97.340","97.395","97.240","0.01K","-0.05%"
"Nov 05, 2019","97.405","96.970","97.410","96.970","0.10K","0.46%"
"Nov 04, 2019","96.961","96.595","96.970","96.595","0.03K","0.33%"
"Nov 01, 2019","96.640","96.630","96.845","96.555","0.11K","-0.11%"
"Oct 31, 2019","96.744","96.815","96.820","96.650","0.16K","-0.28%"
"Oct 30, 2019","97.019","96.985","97.380","96.875","0.12K","-0.03%"
"Oct 29, 2019","97.044","97.100","97.270","96.990","0.16K","-0.06%"
"Oct 28, 2019","97.100","97.225","97.225","97.055","0.14K","-0.08%"
"Oct 25, 2019","97.179","96.950","97.190","96.950","0.02K","0.20%"
"Oct 24, 2019","96.985","96.810","97.085","96.675","0.14K","0.17%"
"Oct 23, 2019","96.821","96.830","96.970","96.795","0.04K","-0.03%"
"Oct 22, 2019","96.851","96.620","96.810","96.595","0.10K","0.21%"
"Oct 21, 2019","96.645","96.650","96.695","96.505","0.06K","0.04%"
"Oct 18, 2019","96.603","96.940","96.945","96.565","0.07K","-0.32%"
"Oct 17, 2019","96.915","97.335","97.430","96.830","0.19K","-0.40%"
"Oct 16, 2019","97.308","97.460","97.690","97.205","0.38K","-0.30%"
"Oct 15, 2019","97.598","97.735","97.930","97.555","0.29K","-0.19%"
"Oct 14, 2019","97.780","97.735","97.850","97.725","0.93K","0.19%"
"Oct 11, 2019","97.595","97.965","98.025","97.500","0.18K","-0.41%"
"Oct 10, 2019","97.996","98.325","98.330","98.000","0.10K","-0.42%"
"Oct 09, 2019","98.410","98.270","98.390","98.240","0.01K","0.02%"
"Oct 08, 2019","98.392","98.145","98.460","98.140","0.29K","0.16%"
"Oct 07, 2019","98.235","98.115","98.250","98.110","0.01K","0.18%"
"Oct 04, 2019","98.058","98.075","98.230","98.075","0.01K","-0.05%"
"Oct 03, 2019","98.105","98.270","98.365","97.885","0.08K","-0.14%"
"Oct 02, 2019","98.244","98.330","98.540","98.190","0.04K","-0.08%"
"Oct 01, 2019","98.327","98.665","98.735","98.285","0.09K","-0.25%"
"Sep 30, 2019","98.571","98.300","98.600","98.300","0.01K","0.26%"
"Sep 27, 2019","98.311","98.325","98.490","98.255","0.01K","-0.00%"
"Sep 26, 2019","98.315","98.060","98.395","98.060","0.06K","0.11%"
"Sep 25, 2019","98.209","97.550","98.210","97.550","0.01K","0.74%"
"Sep 24, 2019","97.487","97.865","97.865","97.470","0.06K","-0.30%"
"Sep 23, 2019","97.781","97.640","97.845","97.640","0.01K","0.09%"
"Sep 20, 2019","97.696","97.370","97.780","97.370","0.01K","0.30%"
"Sep 19, 2019","97.407","97.560","97.560","97.355","0.00K","-0.29%"
"Sep 18, 2019","97.694","97.345","97.745","97.345","0.09K","0.36%"
"Sep 17, 2019","97.344","97.700","97.700","97.360","0.00K","-0.85%"
"Sep 16, 2019","98.175","97.725","98.275","97.615","13.70K","0.35%"
"Sep 13, 2019","97.830","97.990","97.995","97.560","18.07K","-0.05%"
"Sep 12, 2019","97.876","98.180","98.670","97.620","38.40K","-0.31%"
"Sep 11, 2019","98.177","97.870","98.275","97.830","19.63K","0.33%"
"Sep 10, 2019","97.857","97.870","97.995","97.790","6.21K","0.06%"
"Sep 09, 2019","97.803","97.975","98.040","97.665","20.11K","-0.12%"
"Sep 06, 2019","97.925","97.975","98.050","97.710","10.16K","-0.02%"
"Sep 05, 2019","97.942","97.945","98.070","97.580","1.36K","-0.02%"
"Sep 04, 2019","97.958","98.490","98.490","97.920","1.23K","-0.57%"
"Sep 03, 2019","98.519","98.635","98.900","98.435","1.14K","0.10%"
"Sep 02, 2019","98.418","98.345","98.640","98.290","1.03K","0.00%"
"Aug 30, 2019","98.418","97.950","98.530","97.870","0.46K","0.40%"
"Aug 29, 2019","98.027","97.725","98.060","97.685","0.44K","0.33%"
"Aug 28, 2019","97.700","97.510","97.755","97.505","0.29K","0.22%"
"Aug 27, 2019","97.490","97.530","97.540","97.370","0.21K","-0.09%"
"Aug 26, 2019","97.579","97.100","97.570","96.960","0.27K","0.48%"
"Aug 23, 2019","97.110","97.690","97.950","97.060","0.51K","-0.55%"
"Aug 22, 2019","97.649","97.775","97.850","97.545","0.26K","-0.12%"
"Aug 21, 2019","97.771","97.685","97.785","97.605","0.66K","0.11%"
"Aug 20, 2019","97.668","97.830","97.920","97.610","0.11K","-0.16%"
"Aug 19, 2019","97.821","97.645","97.865","97.610","0.05K","0.22%"
"Aug 16, 2019","97.607","97.645","97.805","97.610","0.05K","0.01%"
"Aug 15, 2019","97.600","97.420","97.650","97.280","0.08K","0.19%"
"Aug 14, 2019","97.416","97.215","97.465","97.105","0.20K","0.19%"
"Aug 13, 2019","97.231","96.870","97.250","96.785","0.22K","0.44%"
"Aug 12, 2019","96.803","96.935","97.150","96.735","0.07K","-0.13%"
"Aug 09, 2019","96.927","96.965","96.995","96.815","0.10K","-0.12%"
"Aug 08, 2019","97.040","96.990","97.135","96.870","0.23K","0.08%"
"Aug 07, 2019","96.960","96.945","97.075","96.750","0.24K","-0.06%"
"Aug 06, 2019","97.016","96.620","97.115","96.600","0.12K","0.12%"
"Aug 05, 2019","96.898","97.435","97.435","96.790","0.31K","-0.52%"
"Aug 02, 2019","97.402","97.640","97.740","97.405","0.10K","-0.28%"
"Aug 01, 2019","97.674","97.960","98.225","97.600","0.22K","-0.11%"
"Jul 31, 2019","97.783","97.330","97.975","97.325","0.13K","0.46%"
"Jul 30, 2019","97.334","97.370","97.485","97.320","0.02K","0.01%"
"Jul 29, 2019","97.321","97.230","97.400","97.180","0.04K","0.05%"
"Jul 26, 2019","97.276","97.050","97.350","97.035","0.20K","0.19%"
"Jul 25, 2019","97.087","96.990","97.180","96.780","0.32K","0.10%"
"Jul 24, 2019","96.989","97.000","97.010","96.820","0.12K","0.03%"
"Jul 23, 2019","96.963","96.515","96.980","96.515","0.30K","0.48%"
"Jul 22, 2019","96.495","96.370","96.495","96.365","0.03K","0.13%"
"Jul 19, 2019","96.372","95.995","96.390","95.995","0.05K","0.38%"
"Jul 18, 2019","96.004","96.345","96.410","95.915","0.02K","-0.40%"
"Jul 17, 2019","96.393","96.520","96.545","96.350","0.09K","-0.20%"
"Jul 16, 2019","96.588","96.180","96.595","96.180","0.09K","0.51%"
"Jul 15, 2019","96.095","96.055","96.145","95.950","0.05K","0.13%"
"Jul 12, 2019","95.974","96.140","96.140","95.975","0.17K","-0.24%"
"Jul 11, 2019","96.207","96.080","96.240","96.000","0.01K","-0.04%"
"Jul 10, 2019","96.246","96.630","96.630","96.225","0.23K","-0.39%"
"Jul 09, 2019","96.625","96.605","96.715","96.605","0.02K","0.12%"
"Jul 08, 2019","96.514","96.435","96.535","96.385","0.13K","0.08%"
"Jul 05, 2019","96.435","95.975","96.505","95.975","0.31K","0.58%"
"Jul 04, 2019","95.876","95.835","95.925","95.835","0.03K","0.00%"
"Jul 03, 2019","95.876","95.845","95.900","95.785","0.38K","0.04%"
"Jul 02, 2019","95.839","96.005","96.005","95.745","0.14K","-0.14%"
"Jul 01, 2019","95.976","95.430","95.980","95.430","0.30K","0.75%"
"Jun 28, 2019","95.266","95.340","95.405","95.230","0.03K","-0.08%"
"Jun 27, 2019","95.342","95.400","95.500","95.285","0.19K","-0.00%"
"Jun 26, 2019","95.343","95.430","95.430","95.340","0.01K","0.08%"
"Jun 25, 2019","95.263","95.095","95.490","94.975","0.14K","0.17%"
"Jun 24, 2019","95.102","95.255","95.280","95.125","0.04K","-0.23%"
"Jun 21, 2019","95.318","95.635","95.810","95.290","0.05K","-0.44%"
"Jun 20, 2019","95.738","96.300","96.300","95.700","0.07K","-0.43%"
"Jun 19, 2019","96.152","96.740","96.740","96.255","0.02K","-0.59%"
"Jun 18, 2019","96.718","96.750","96.810","96.700","0.02K","-0.34%"
"Jun 17, 2019","97.052","97.055","97.095","96.820","11.29K","-0.01%"
"Jun 14, 2019","97.065","96.530","97.085","96.440","35.66K","0.58%"
"Jun 13, 2019","96.509","96.460","96.570","96.345","28.94K","0.05%"
"Jun 12, 2019","96.460","96.135","96.475","96.035","11.83K","0.34%"
"Jun 11, 2019","96.135","96.195","96.345","96.095","9.72K","-0.07%"
"Jun 10, 2019","96.205","96.060","96.400","96.050","11.76K","0.24%"
"Jun 07, 2019","95.975","96.450","96.595","95.890","5.87K","-0.52%"
"Jun 06, 2019","96.475","96.765","96.925","96.230","2.43K","-0.29%"
"Jun 05, 2019","96.751","96.500","96.805","96.150","1.45K","0.28%"
"Jun 04, 2019","96.484","96.615","96.735","96.395","1.03K","-0.06%"
"Jun 03, 2019","96.540","97.105","97.175","96.500","0.90K","-0.61%"
"May 31, 2019","97.136","97.515","97.535","97.105","0.49K","-0.39%"
"May 30, 2019","97.513","97.475","97.625","97.460","0.11K","0.01%"
"May 29, 2019","97.500","97.285","97.560","97.235","0.21K","0.20%"
"May 28, 2019","97.302","97.065","97.305","97.065","0.14K","0.36%"
"May 27, 2019","96.952","96.950","97.125","96.880","0.14K","0.00%"
"May 24, 2019","96.952","97.205","97.230","96.900","0.30K","-0.25%"
"May 23, 2019","97.193","97.460","97.715","97.140","0.26K","-0.16%"
"May 22, 2019","97.346","97.335","97.415","97.200","0.04K","-0.02%"
"May 21, 2019","97.361","97.290","97.410","97.185","0.04K","0.14%"
"May 20, 2019","97.229","97.275","97.350","97.190","0.03K","-0.06%"
"May 17, 2019","97.289","97.160","97.315","97.135","0.03K","0.15%"
"May 16, 2019","97.143","96.845","97.105","96.760","0.04K","0.31%"
"May 15, 2019","96.846","96.820","96.950","96.750","0.03K","0.06%"
"May 14, 2019","96.792","96.620","96.800","96.575","0.07K","0.21%"
"May 13, 2019","96.585","96.540","96.605","96.300","0.12K","-0.01%"
"May 10, 2019","96.590","96.630","96.650","96.390","0.13K","-0.04%"
"May 09, 2019","96.629","96.830","96.895","96.490","0.05K","-0.23%"
"May 08, 2019","96.853","96.710","96.850","96.670","0.02K","-0.01%"
"May 07, 2019","96.864","96.700","96.925","96.610","0.07K","0.14%"
"May 06, 2019","96.733","96.800","96.865","96.710","0.06K","0.01%"
"May 03, 2019","96.720","97.015","97.280","96.690","0.10K","-0.34%"
"May 02, 2019","97.046","96.850","97.060","96.795","0.03K","0.18%"
"May 01, 2019","96.870","96.695","96.905","96.420","0.09K","0.22%"
"Apr 30, 2019","96.661","97.025","97.025","96.650","0.10K","-0.39%"
"Apr 29, 2019","97.041","97.220","97.275","97.035","0.03K","-0.15%"
"Apr 26, 2019","97.186","97.335","97.435","97.050","0.04K","-0.20%"
"Apr 25, 2019","97.379","97.235","97.500","97.200","0.09K","0.07%"
"Apr 24, 2019","97.315","96.750","97.260","96.745","0.13K","0.56%"
"Apr 23, 2019","96.770","96.450","96.890","96.450","0.09K","0.37%"
"Apr 22, 2019","96.410","96.515","96.525","96.485","0.02K","-0.20%"
"Apr 18, 2019","96.606","96.150","96.610","96.115","0.25K","0.50%"
"Apr 17, 2019","96.128","96.230","96.230","95.970","0.08K","0.01%"
"Apr 16, 2019","96.122","96.000","96.165","95.980","0.10K","0.09%"
"Apr 15, 2019","96.031","95.950","96.045","95.890","0.10K","-0.04%"
"Apr 12, 2019","96.073","96.145","96.145","95.840","0.07K","-0.21%"
"Apr 11, 2019","96.279","96.045","96.260","96.010","0.17K","0.25%"
"Apr 10, 2019","96.038","96.160","96.305","95.945","0.08K","-0.06%"
"Apr 09, 2019","96.091","96.110","96.110","95.975","0.03K","-0.04%"
"Apr 08, 2019","96.130","96.390","96.415","96.080","0.15K","-0.37%"
"Apr 05, 2019","96.487","96.370","96.550","96.355","0.06K","0.09%"
"Apr 04, 2019","96.405","96.170","96.415","96.115","0.33K","0.26%"
"Apr 03, 2019","96.152","96.250","96.255","96.050","0.02K","-0.27%"
"Apr 02, 2019","96.408","96.395","96.570","96.350","0.13K","0.13%"
"Apr 01, 2019","96.284","96.260","96.320","96.105","0.09K","-0.05%"
"Mar 29, 2019","96.330","96.220","96.375","96.110","0.07K","0.08%"
"Mar 28, 2019","96.249","95.885","96.300","95.855","0.42K","0.50%"
"Mar 27, 2019","95.773","95.800","96.000","95.750","0.04K","0.06%"
"Mar 26, 2019","95.715","95.530","95.720","95.520","0.01K","0.16%"
"Mar 25, 2019","95.558","95.650","95.650","95.475","0.10K","-0.09%"
"Mar 22, 2019","95.641","95.290","95.765","95.255","0.02K","0.17%"
"Mar 21, 2019","95.477","94.845","95.375","94.780","0.03K","0.82%"
"Mar 20, 2019","94.696","95.470","95.470","94.815","0.04K","-0.65%"
"Mar 19, 2019","95.316","95.365","95.375","95.275","0.03K","-0.69%"
"Mar 18, 2019","95.983","95.995","96.090","95.830","7.96K","-0.07%"
"Mar 15, 2019","96.050","96.195","96.250","95.935","14.74K","-0.20%"
"Mar 14, 2019","96.239","95.955","96.270","95.940","21.70K","0.27%"
"Mar 13, 2019","95.982","96.460","96.460","95.810","21.02K","-0.41%"
"Mar 12, 2019","96.379","96.490","96.725","96.275","9.91K","-0.29%"
"Mar 11, 2019","96.659","96.780","96.895","96.600","8.94K","-0.10%"
"Mar 08, 2019","96.759","97.060","97.090","96.540","7.57K","-0.37%"
"Mar 07, 2019","97.123","96.285","97.160","96.270","5.69K","0.85%"
"Mar 06, 2019","96.304","96.325","96.450","96.230","1.40K","0.01%"
"Mar 05, 2019","96.295","96.110","96.435","96.100","0.96K","0.20%"
"Mar 04, 2019","96.100","95.850","96.245","95.795","0.74K","0.14%"
"Mar 01, 2019","95.965","95.645","95.980","95.500","1.48K","0.43%"
"Feb 28, 2019","95.558","95.535","95.700","95.240","0.21K","-0.01%"
"Feb 27, 2019","95.563","95.425","95.580","95.305","0.20K","0.18%"
"Feb 26, 2019","95.390","95.790","95.835","95.365","0.20K","-0.42%"
"Feb 25, 2019","95.796","95.835","95.985","95.690","2.27K","-0.09%"
"Feb 22, 2019","95.882","95.990","96.135","95.820","2.95K","-0.08%"
"Feb 21, 2019","95.958","95.835","96.030","95.720","0.55K","0.18%"
"Feb 20, 2019","95.789","95.850","95.960","95.610","0.19K","-0.06%"
"Feb 19, 2019","95.844","96.180","96.395","95.770","0.17K","-0.39%"
"Feb 18, 2019","96.220","96.250","96.250","96.020","0.63K","0.00%"
"Feb 15, 2019","96.220","96.355","96.685","96.145","0.16K","-0.07%"
"Feb 14, 2019","96.285","96.485","96.575","96.285","0.30K","-0.13%"
"Feb 13, 2019","96.408","96.000","96.445","95.930","0.14K","0.45%"
"Feb 12, 2019","95.973","96.370","96.420","95.970","0.16K","-0.37%"
"Feb 11, 2019","96.327","95.895","96.365","95.890","0.16K","0.45%"
"Feb 08, 2019","95.891","95.830","95.950","95.740","0.09K","0.13%"
"Feb 07, 2019","95.764","95.660","95.910","95.655","0.09K","0.14%"
"Feb 06, 2019","95.627","95.335","95.650","95.275","0.15K","0.35%"
"Feb 05, 2019","95.292","95.020","95.320","95.020","0.09K","0.25%"
"Feb 04, 2019","95.050","94.830","95.115","94.825","0.07K","0.28%"
"Feb 01, 2019","94.780","94.805","95.000","94.600","0.07K","-0.01%"
"Jan 31, 2019","94.794","94.570","94.800","94.380","0.12K","0.29%"
"Jan 30, 2019","94.516","94.965","95.140","94.445","0.07K","-0.49%"
"Jan 29, 2019","94.986","94.830","95.000","94.830","0.10K","0.09%"
"Jan 28, 2019","94.904","94.895","95.060","94.790","0.16K","-0.05%"
"Jan 25, 2019","94.950","95.680","95.695","94.920","0.28K","-0.86%"
"Jan 24, 2019","95.777","95.185","95.840","95.185","0.28K","0.56%"
"Jan 23, 2019","95.247","95.465","95.515","95.200","0.20K","-0.21%"
"Jan 22, 2019","95.444","95.585","95.625","95.415","0.02K","-0.04%"
"Jan 21, 2019","95.478","95.440","95.550","95.430","0.04K","0.00%"
"Jan 18, 2019","95.478","95.160","95.515","95.160","0.08K","0.30%"
"Jan 17, 2019","95.188","95.205","95.375","95.125","0.08K","0.03%"
"Jan 16, 2019","95.157","95.230","95.230","95.090","0.03K","0.00%"
"Jan 15, 2019","95.155","94.640","95.360","94.640","0.22K","0.48%"
"Jan 14, 2019","94.702","94.755","94.795","94.635","0.07K","-0.06%"
"Jan 11, 2019","94.761","94.535","94.850","94.285","0.22K","0.14%"
"Jan 10, 2019","94.625","94.280","94.690","94.150","0.08K","0.35%"
"Jan 09, 2019","94.295","94.900","94.925","94.200","0.14K","-0.71%"
"Jan 08, 2019","94.974","94.810","95.100","94.785","0.11K","0.25%"
"Jan 07, 2019","94.738","95.080","95.080","94.745","0.11K","-0.54%"
"Jan 04, 2019","95.250","95.330","95.670","95.210","0.09K","-0.14%"
"Jan 03, 2019","95.383","95.805","95.805","95.320","0.16K","-0.55%"
"Jan 02, 2019","95.913","95.080","96.010","95.000","0.20K","0.71%"
"Dec 31, 2018","95.235","95.525","95.525","95.130","0.02K","-0.24%"
"Dec 28, 2018","95.460","95.470","95.470","95.255","0.02K","-0.04%"
"Dec 27, 2018","95.496","95.745","95.880","95.445","0.16K","-0.59%"
"Dec 26, 2018","96.063","95.545","96.130","95.545","0.06K","0.58%"
"Dec 24, 2018","95.507","95.825","95.825","95.430","0.03K","-0.45%"
"Dec 21, 2018","95.935","95.380","96.010","95.365","0.20K","0.73%"
"Dec 20, 2018","95.243","95.990","96.000","95.160","0.25K","-0.79%"
"Dec 19, 2018","95.999","95.870","96.020","95.595","0.04K","-0.06%"
"Dec 18, 2018","96.060","96.085","96.145","95.830","0.02K","-0.51%"
"Dec 17, 2018","96.550","96.890","96.940","96.505","12.70K","-0.37%"
"Dec 14, 2018","96.910","96.560","97.195","96.555","22.67K","0.38%"
"Dec 13, 2018","96.541","96.555","96.775","96.345","22.38K","0.04%"
"Dec 12, 2018","96.503","96.835","96.945","96.335","19.38K","-0.34%"
"Dec 11, 2018","96.833","96.625","96.995","96.310","14.27K","0.18%"
"Dec 10, 2018","96.663","96.100","96.680","95.775","17.81K","0.75%"
"Dec 07, 2018","95.941","96.215","96.350","95.925","2.31K","-0.29%"
"Dec 06, 2018","96.224","96.400","96.610","95.945","3.06K","-0.23%"
"Dec 05, 2018","96.445","96.370","96.590","96.200","0.74K","0.11%"
"Dec 04, 2018","96.337","96.300","96.500","95.750","1.15K","-0.07%"
"Dec 03, 2018","96.404","96.500","96.530","96.090","0.63K","-0.26%"
"Nov 30, 2018","96.656","96.195","96.685","96.120","0.48K","0.52%"
"Nov 29, 2018","96.159","96.235","96.380","96.000","0.33K","0.01%"
"Nov 28, 2018","96.151","96.770","96.900","96.065","0.83K","-0.60%"
"Nov 27, 2018","96.735","96.375","96.850","96.330","0.24K","0.32%"
"Nov 26, 2018","96.429","96.270","96.430","96.040","0.23K","0.16%"
"Nov 23, 2018","96.275","95.765","96.300","95.755","0.24K","0.25%"
"Nov 22, 2018","96.035","96.035","96.040","95.690","0.06K","0.00%"
"Nov 21, 2018","96.035","96.165","96.195","95.820","0.29K","-0.14%"
"Nov 20, 2018","96.166","95.565","96.190","95.385","0.48K","0.68%"
"Nov 19, 2018","95.516","95.720","95.855","95.420","0.30K","-0.26%"
"Nov 16, 2018","95.763","96.265","96.320","95.700","0.32K","-0.48%"
"Nov 15, 2018","96.221","96.235","96.650","96.055","0.31K","0.15%"
"Nov 14, 2018","96.074","96.315","96.655","96.070","0.30K","-0.50%"
"Nov 13, 2018","96.559","96.830","96.875","96.335","0.36K","-0.25%"
"Nov 12, 2018","96.802","96.290","96.930","96.240","0.35K","0.66%"
"Nov 09, 2018","96.169","95.915","96.230","95.885","0.15K","0.19%"
"Nov 08, 2018","95.985","95.420","96.000","95.355","0.13K","0.77%"
"Nov 07, 2018","95.247","95.200","95.670","94.910","0.35K","-0.32%"
"Nov 06, 2018","95.557","95.540","95.650","95.425","0.16K","0.04%"
"Nov 05, 2018","95.523","95.620","95.890","95.545","0.11K","-0.27%"
"Nov 02, 2018","95.783","95.595","95.845","95.250","0.48K","0.27%"
"Nov 01, 2018","95.526","96.175","96.175","95.435","0.20K","-0.85%"
"Oct 31, 2018","96.341","96.225","96.405","96.100","0.07K","0.11%"
"Oct 30, 2018","96.231","95.865","96.225","95.865","0.20K","0.45%"
"Oct 29, 2018","95.800","95.620","95.900","95.580","0.11K","0.23%"
"Oct 26, 2018","95.578","95.815","96.070","95.510","0.10K","-0.34%"
"Oct 25, 2018","95.900","95.550","95.925","95.430","0.25K","0.29%"
"Oct 24, 2018","95.627","95.160","95.735","95.160","0.22K","0.49%"
"Oct 23, 2018","95.158","95.185","95.355","95.020","0.09K","-0.04%"
"Oct 22, 2018","95.194","94.875","95.285","94.640","0.39K","0.33%"
"Oct 19, 2018","94.878","95.135","95.245","94.715","0.31K","-0.22%"
"Oct 18, 2018","95.083","94.805","95.160","94.675","0.38K","0.36%"
"Oct 17, 2018","94.742","94.270","94.750","94.270","0.35K","0.57%"
"Oct 16, 2018","94.203","94.295","94.295","93.955","0.09K","-0.02%"
"Oct 15, 2018","94.219","94.450","94.505","94.105","0.09K","-0.17%"
"Oct 12, 2018","94.376","94.170","94.445","94.150","0.22K","0.20%"
"Oct 11, 2018","94.191","94.555","94.575","94.165","0.29K","-0.48%"
"Oct 10, 2018","94.642","94.775","94.910","94.545","0.14K","-0.18%"
"Oct 09, 2018","94.816","94.855","95.185","94.810","0.09K","-0.09%"
"Oct 08, 2018","94.906","94.735","95.130","94.735","0.02K","0.14%"
"Oct 05, 2018","94.775","94.875","94.990","94.650","0.08K","-0.10%"
"Oct 04, 2018","94.872","95.165","95.195","94.700","0.12K","0.00%"
"Oct 03, 2018","94.871","94.640","95.200","94.420","0.10K","0.28%"
"Oct 02, 2018","94.610","94.360","94.815","94.360","0.23K","0.22%"
"Oct 01, 2018","94.399","94.220","94.450","94.185","0.12K","0.20%"
"Sep 28, 2018","94.207","94.115","94.425","94.035","0.42K","0.24%"
"Sep 27, 2018","93.984","93.300","94.000","93.300","0.42K","0.79%"
"Sep 26, 2018","93.248","93.180","93.450","93.050","0.10K","0.06%"
"Sep 25, 2018","93.191","93.305","93.425","93.120","0.11K","-0.07%"
"Sep 24, 2018","93.260","93.325","93.385","92.940","0.05K","-0.01%"
"Sep 21, 2018","93.273","92.970","93.350","92.900","0.24K","0.31%"
"Sep 20, 2018","92.981","93.590","93.590","92.920","0.22K","-0.67%"
"Sep 19, 2018","93.604","93.645","93.800","93.440","0.08K","-0.13%"
"Sep 18, 2018","93.722","93.650","93.750","93.475","0.06K","-0.38%"
"Sep 17, 2018","94.076","94.555","94.565","94.005","13.98K","-0.45%"
"Sep 14, 2018","94.505","94.115","94.575","93.920","26.15K","0.43%"
"Sep 13, 2018","94.097","94.445","94.545","93.985","33.07K","-0.28%"
"Sep 12, 2018","94.358","94.740","94.870","94.295","16.10K","-0.50%"
"Sep 11, 2018","94.830","94.760","94.945","94.475","15.86K","0.12%"
"Sep 10, 2018","94.720","95.040","95.155","94.595","10.66K","-0.23%"
"Sep 07, 2018","94.939","94.620","95.030","94.450","2.32K","0.37%"
"Sep 06, 2018","94.593","94.650","94.770","94.480","1.03K","-0.14%"
"Sep 05, 2018","94.729","94.925","95.215","94.595","6.55K","-0.26%"
"Sep 04, 2018","94.980","94.700","95.280","94.695","3.64K","0.32%"
"Sep 03, 2018","94.673","94.705","94.750","94.545","0.37K","0.00%"
"Aug 31, 2018","94.673","94.230","94.740","94.090","0.84K","0.43%"
"Aug 30, 2018","94.264","94.015","94.410","94.000","0.79K","0.18%"
"Aug 29, 2018","94.097","94.215","94.400","94.035","0.41K","-0.12%"
"Aug 28, 2018","94.210","94.275","94.405","93.930","0.90K","-0.07%"
"Aug 27, 2018","94.274","94.645","94.795","94.190","0.86K","-0.39%"
"Aug 24, 2018","94.643","95.170","95.170","94.525","0.47K","-0.55%"
"Aug 23, 2018","95.163","94.690","95.200","94.680","0.48K","0.57%"
"Aug 22, 2018","94.626","94.680","94.855","94.410","0.90K","-0.10%"
"Aug 21, 2018","94.725","95.200","95.210","94.545","1.09K","-0.67%"
"Aug 20, 2018","95.364","95.635","95.890","95.215","0.86K","-0.22%"
"Aug 17, 2018","95.576","96.100","96.125","95.575","0.47K","-0.58%"
"Aug 16, 2018","96.136","96.230","96.245","95.805","0.33K","-0.04%"
"Aug 15, 2018","96.177","96.175","96.450","96.135","0.30K","-0.02%"
"Aug 14, 2018","96.200","95.830","96.240","95.615","0.52K","0.37%"
"Aug 13, 2018","95.846","95.810","95.935","95.605","0.33K","0.04%"
"Aug 10, 2018","95.803","95.075","95.890","94.975","0.51K","0.91%"
"Aug 09, 2018","94.935","94.520","95.035","94.485","0.22K","0.49%"
"Aug 08, 2018","94.475","94.560","94.820","94.405","0.15K","-0.17%"
"Aug 07, 2018","94.636","94.750","94.750","94.415","0.17K","-0.15%"
"Aug 06, 2018","94.777","94.650","94.930","94.620","0.24K","0.24%"
"Aug 03, 2018","94.546","94.590","94.750","94.380","0.21K","-0.02%"
"Aug 02, 2018","94.567","94.040","94.580","93.990","0.17K","0.58%"
"Aug 01, 2018","94.018","93.910","94.055","93.910","0.03K","0.16%"
"Jul 31, 2018","93.865","93.755","93.895","93.550","0.08K","0.17%"
"Jul 30, 2018","93.706","94.035","94.115","93.650","0.13K","-0.37%"
"Jul 27, 2018","94.055","94.155","94.290","94.035","0.10K","-0.08%"
"Jul 26, 2018","94.129","93.500","94.125","93.480","0.10K","0.44%"
"Jul 25, 2018","93.719","93.955","93.990","93.520","0.06K","-0.27%"
"Jul 24, 2018","93.973","94.000","94.210","93.760","0.08K","-0.06%"
"Jul 23, 2018","94.025","93.790","94.025","93.580","0.25K","0.22%"
"Jul 20, 2018","93.821","94.490","94.620","93.750","0.35K","-0.74%"
"Jul 19, 2018","94.517","94.375","95.000","94.300","0.34K","0.12%"
"Jul 18, 2018","94.401","94.405","94.700","94.320","0.14K","0.12%"
"Jul 17, 2018","94.284","93.855","94.395","93.660","0.17K","0.45%"
"Jul 16, 2018","93.862","94.050","94.070","93.750","0.06K","-0.24%"
"Jul 13, 2018","94.090","94.235","94.570","94.030","0.19K","-0.05%"
"Jul 12, 2018","94.139","94.080","94.260","93.980","0.20K","0.09%"
"Jul 11, 2018","94.056","93.495","94.060","93.425","0.14K","0.64%"
"Jul 10, 2018","93.454","93.335","93.795","93.330","0.18K","0.08%"
"Jul 09, 2018","93.382","93.340","93.500","93.045","0.17K","0.04%"
"Jul 06, 2018","93.344","93.720","93.785","93.185","0.19K","-0.48%"
"Jul 05, 2018","93.798","93.855","93.855","93.510","0.19K","-0.19%"
"Jul 04, 2018","93.977","93.840","94.025","93.705","0.07K","0.00%"
"Jul 03, 2018","93.977","94.175","94.270","93.855","0.19K","-0.38%"
"Jul 02, 2018","94.334","93.885","94.430","93.885","0.10K","0.45%"
"Jun 29, 2018","93.914","94.200","94.240","93.755","0.15K","-0.78%"
"Jun 28, 2018","94.651","94.505","94.775","94.365","0.18K","0.13%"
"Jun 27, 2018","94.524","93.910","94.560","93.840","0.13K","0.66%"
"Jun 26, 2018","93.901","93.540","94.000","93.400","0.12K","0.42%"
"Jun 25, 2018","93.504","93.665","93.895","93.430","0.12K","-0.25%"
"Jun 22, 2018","93.740","94.030","94.030","93.685","0.10K","-0.24%"
"Jun 21, 2018","93.969","94.350","94.765","93.930","0.33K","-0.33%"
"Jun 20, 2018","94.276","94.265","94.425","94.195","0.07K","-0.00%"
"Jun 19, 2018","94.279","93.800","94.515","93.755","0.11K","-0.19%"
"Jun 18, 2018","94.457","94.495","94.705","94.375","14.94K","0.01%"
"Jun 15, 2018","94.447","94.620","94.820","94.310","36.26K","0.02%"
"Jun 14, 2018","94.426","93.140","94.605","92.820","57.03K","1.14%"
"Jun 13, 2018","93.359","93.440","93.685","93.165","20.81K","-0.05%"
"Jun 12, 2018","93.406","93.275","93.520","93.050","5.83K","0.26%"
"Jun 11, 2018","93.165","93.145","93.255","92.915","7.78K","0.05%"
"Jun 08, 2018","93.117","93.025","93.395","92.960","3.00K","0.19%"
"Jun 07, 2018","92.941","93.110","93.120","92.760","2.28K","-0.29%"
"Jun 06, 2018","93.209","93.355","93.410","92.955","2.29K","-0.23%"
"Jun 05, 2018","93.426","93.545","93.860","93.315","1.16K","-0.12%"
"Jun 04, 2018","93.541","93.700","93.725","93.190","1.27K","-0.20%"
"Jun 01, 2018","93.729","93.505","93.980","93.410","1.66K","0.23%"
"May 31, 2018","93.514","93.590","93.755","93.250","1.49K","-0.17%"
"May 30, 2018","93.670","94.350","94.465","93.555","0.71K","-0.71%"
"May 29, 2018","94.339","93.885","94.500","93.780","0.96K","0.71%"
"May 28, 2018","93.670","93.625","93.960","93.345","0.61K","0.00%"
"May 25, 2018","93.670","93.250","93.755","93.250","0.38K","0.47%"
"May 24, 2018","93.236","93.380","93.450","93.095","1.03K","-0.23%"
"May 23, 2018","93.453","93.010","93.655","93.010","0.86K","0.42%"
"May 22, 2018","93.066","93.000","93.160","92.765","0.46K","-0.08%"
"May 21, 2018","93.136","93.150","93.520","92.975","1.41K","0.04%"
"May 18, 2018","93.099","92.945","93.285","92.880","0.18K","0.18%"
"May 17, 2018","92.930","92.760","93.020","92.580","0.25K","0.10%"
"May 16, 2018","92.836","92.805","93.075","92.595","0.67K","0.20%"
"May 15, 2018","92.647","92.070","92.895","92.055","0.68K","0.70%"
"May 14, 2018","92.007","91.900","92.110","91.670","0.35K","0.04%"
"May 11, 2018","91.966","92.090","92.180","91.785","0.18K","-0.11%"
"May 10, 2018","92.071","92.560","92.595","91.960","0.31K","-0.40%"
"May 09, 2018","92.439","92.540","92.800","92.255","0.25K","-0.08%"
"May 08, 2018","92.513","92.105","92.680","92.070","0.25K","0.40%"
"May 07, 2018","92.147","91.970","92.355","91.850","0.12K","0.21%"
"May 04, 2018","91.953","91.830","92.260","91.750","0.16K","0.17%"
"May 03, 2018","91.796","92.150","92.150","91.745","0.16K","-0.10%"
"May 02, 2018","91.884","91.820","92.180","91.600","0.13K","0.09%"
"May 01, 2018","91.805","91.215","91.890","91.215","0.20K","0.69%"
"Apr 30, 2018","91.180","90.955","91.250","90.840","0.06K","0.32%"
"Apr 27, 2018","90.893","90.950","91.270","90.830","0.17K","-0.02%"
"Apr 26, 2018","90.915","90.525","90.950","90.285","0.24K","0.46%"
"Apr 25, 2018","90.498","90.120","90.585","90.120","0.20K","0.46%"
"Apr 24, 2018","90.082","90.275","90.370","90.045","0.32K","-0.19%"
"Apr 23, 2018","90.255","89.660","90.310","89.635","0.28K","0.70%"
"Apr 20, 2018","89.625","89.185","89.785","89.175","0.70K","0.41%"
"Apr 19, 2018","89.260","88.950","89.180","88.865","0.03K","0.37%"
"Apr 18, 2018","88.927","88.780","89.045","88.745","0.06K","0.15%"
"Apr 17, 2018","88.798","88.655","88.930","88.515","0.11K","0.10%"
"Apr 16, 2018","88.710","89.050","89.075","88.685","0.09K","-0.41%"
"Apr 13, 2018","89.078","89.075","89.150","89.000","0.06K","0.05%"
"Apr 12, 2018","89.031","88.790","89.240","88.790","0.21K","0.22%"
"Apr 11, 2018","88.833","88.865","88.920","88.645","0.23K","-0.04%"
"Apr 10, 2018","88.870","89.095","89.110","88.825","0.05K","-0.27%"
"Apr 09, 2018","89.114","89.435","89.500","89.095","0.18K","-0.27%"
"Apr 06, 2018","89.357","89.655","89.780","89.330","0.10K","-0.40%"
"Apr 05, 2018","89.719","89.385","89.815","89.370","0.10K","0.40%"
"Apr 04, 2018","89.358","89.380","89.445","89.150","0.05K","-0.09%"